tr_build_id,tr_job_id,tr_build_number,tr_original_commit,tr_log_lan,tr_log_status,tr_log_setup_time,tr_log_analyzer,tr_log_frameworks,tr_log_bool_tests_ran,tr_log_bool_tests_failed,tr_log_num_tests_ok,tr_log_num_tests_failed,tr_log_num_tests_run,tr_log_num_tests_skipped,tr_log_num_test_suites_run,tr_log_num_test_suites_ok,tr_log_num_test_suites_failed,tr_log_tests_failed,tr_log_testduration,tr_log_buildduration
37943793,37943794,100,7392026b13c2265081d2f467d072d5eb6011720e,java,ok,,java-gradle,"",false,,,0,,,,,,"",,
38113845,38113848,101,b6a75caaecf84103616b1b6deb71b2f2ba19b4b3,java,ok,,java-gradle,"",false,,,0,,,,,,"",,
38263880,38263881,102,d88c2f7df8007f44fb2b6ec3c00eac280fb298ec,java,ok,,java-gradle,"",false,,,0,,,,,,"",,
38284476,38284477,103,114a12eae5a6da8f046cf5328dbbf72f3297312e,java,ok,,java-gradle,"",false,,,0,,,,,,"",,
38306259,38306260,104,67e5f1d5b54017ccac1ff2232b5e2d833eebb031,java,ok,,java-gradle,"",false,,,0,,,,,,"",,
38442215,38442216,105,29fa7dda76bf92f8d106826ec2769c0ddaade551,java,ok,,java-gradle,"",false,,,0,,,,,,"",,
38516956,38516957,106,3ea7f151576f197df4bd6c3cce46f229cc281698,java,ok,,java-gradle,"",false,,,0,,,,,,"",,
38521663,38521664,107,38ced22f14acd14b69bb102605505d1feb04b46b,java,ok,,java-gradle,"",false,,,0,,,,,,"",,
38525110,38525111,108,dc756490f3da974008078366b9e1dd5d34677729,java,ok,,java-gradle,"",false,,,0,,,,,,"",,
38623233,38623234,109,6958330c93825bbfb70aea1aff9aeed76b59af4e,java,ok,,java-gradle,"",false,,,0,,,,,,"",,
29258588,29258589,10,e152fdff4c305ce60f81d3a26e15a0157e8b7e4a,java,ok,,java-gradle,junit,true,false,,0,,,,,,"",,
38631424,38631426,110,39f12e09c7273b13604184e523846c1ef18ff311,java,ok,,java-gradle,"",false,,,0,,,,,,"",,
38712730,38712731,111,4fcb6cd5b3dbd7ecc58d3e3dcb7a3d8304e54a16,java,ok,,java-gradle,"",false,,,0,,,,,,"",,
38755642,38755643,112,1c213bd9646c0292439767103060391121624ff9,java,ok,,java-gradle,"",false,,,0,,,,,,"",,
38835464,38835465,113,adf4c9e65eec8a83b39777438829d6817af89598,java,ok,,java-gradle,"",false,,,0,,,,,,"",,
38873470,38873471,114,e4ac1f593a328f35ca17d8603a54db3826da2475,java,ok,,java-gradle,"",false,,,0,,,,,,"",,
38886038,38886039,115,af30ddf8b29bf6dabc7ed01891a48906e14b5f8c,java,ok,,java-gradle,"",false,,,0,,,,,,"",,
38945754,38945755,116,284bbcd0ed2c8f747a3b6abbab9c673487842f53,java,ok,,java-gradle,"",false,,,0,,,,,,"",,
39101630,39101631,117,b4762ebd63a4da3efd214b91cf45909a9471a3e7,java,ok,,java-gradle,"",false,,,0,,,,,,"",,
39111593,39111594,118,b1d9c53bacafb993dc4f264f76f396611e235bdb,java,ok,,java-gradle,"",false,,,0,,,,,,"",,
39304658,39304659,119,05910d7bb9e9aafdf85893227d1dd50b82266771,java,ok,,java-gradle,"",false,,,0,,,,,,"",,
29273061,29273062,11,ad67eab60aed16b0269d33eb9b02eeb9f07210eb,java,ok,,java-gradle,junit,true,false,,0,,,,,,"",,
39430996,39430997,120,35ba01c93ca9ff3ed3b9943571a746c5cb242a24,java,ok,,java-gradle,"",false,,,0,,,,,,"",,
39449618,39449619,121,b71d633d0fc091f3a4dc5615bb1f3467ca2df618,java,ok,,java-gradle,"",false,,,0,,,,,,"",,
39509097,39509098,122,d03c3645ed24540d81a6f40408a2dec1a30befeb,java,broken,,java-gradle,"",false,,,0,,,,,,"",,
39513986,39513987,123,deef4ae2607fcbd32caffc03e2490cbca9134643,java,ok,,java-gradle,"",false,,,0,,,,,,"",,
39865235,39865236,124,1ba6cbc27ceb69d097d0bba0e173ea96ecf41cac,java,ok,,java-gradle,"",false,,,0,,,,,,"",,
39906366,39906367,125,17180f4ce97118d61e609fef1ebbcbaebdb1d19e,java,ok,,java-gradle,junit,true,false,,0,,,,,,"",,
39957938,39957939,126,2007440c380df454db15f83b019a5b4c55ca4b72,java,ok,,java-gradle,junit,true,false,,0,,,,,,"",,
39962154,39962155,127,913e45915bd8aebd6e419d727020f6efc5d80ac6,java,ok,,java-gradle,junit,true,false,,0,,,,,,"",,
40072237,40072238,128,59e410d39587e16ca5bdadafa4c4b18043840568,java,ok,,java-gradle,junit,true,false,,0,,,,,,"",,
40197867,40197868,129,e91ade604c4a3c145aacecd8293e9f7a356b5dae,java,ok,,java-gradle,junit,true,false,,0,,,,,,"",,
29468841,29468842,12,9b681c2e88b3722582585a3095cca295f5984098,java,ok,,java-gradle,junit,true,false,,0,,,,,,"",,
40257454,40257455,130,85dbdad1e5e9fc7b2d9e3e2234058dcce956a047,java,ok,,java-gradle,junit,true,false,,0,,,,,,"",,
40314961,40314962,131,a311d4835cdede5757e203d52a1bb5e707cfd989,java,ok,,java-gradle,junit,true,false,,0,,,,,,"",,
40314971,40314972,132,a311d4835cdede5757e203d52a1bb5e707cfd989,java,ok,,java-gradle,junit,true,false,,0,,,,,,"",,
40315633,40315634,133,f8fb9c8647c59ddd811a21f3bc3538475d0cec18,java,ok,,java-gradle,junit,true,false,,0,,,,,,"",,
40336511,40336512,134,0ccd7b41a2185e18550d18b76d4ed85bf5709333,java,ok,,java-gradle,junit,true,false,,0,,,,,,"",,
40527307,40527308,135,49799a8f68ea44939a4d56423a0bcbc0e2d50138,java,broken,,java-gradle,"",false,,,0,,,,,,"",,
40533637,40533638,136,9a0199d944c071f7b91fced944b27daa47e529e3,java,unknown,,java-gradle,junit,true,false,,0,,,,,,"",,
40538024,40538025,137,e76534654d1782f57263f951a36757e1adb1f5da,java,broken,,java-gradle,"",false,,,0,,,,,,"",,
40553802,40553803,138,705fe5a93a7254117ae4d762c4aff59e3b2ddce1,java,ok,,java-gradle,junit,true,false,,0,,,,,,"",,
40561674,40561675,139,c1fc2eda33b21b455243a7c14efb95497b74d3cd,java,ok,,java-gradle,junit,true,false,,0,,,,,,"",,
29702808,29702809,13,a1fdbb44c7260d81b810ffa717e049a3f2438c19,java,ok,,java-gradle,junit,true,false,,0,,,,,,"",,
40646590,40646591,140,c0376ff386bed1154bf2b1e52a450598e588d611,java,broken,,java-gradle,junit,true,false,,0,,,,,,"",,
40674993,40674994,141,e43ce50924e5a82ca2e3708691a4f3c347b17eec,java,broken,,java-gradle,junit,true,false,,0,,,,,,"",,
40683694,40683695,142,de3eb07775db0687581dc3fdf61d89d30b2b53b3,java,ok,,java-gradle,junit,true,false,,0,,,,,,"",,
40734633,40734634,143,93208760b2454dc9234380c19198a9381849163c,java,ok,,java-gradle,junit,true,false,,0,,,,,,"",,
40787280,40787281,144,d7b36af62eee4e2649206332b44f75097d138ed9,java,ok,,java-gradle,junit,true,false,,0,,,,,,"",,
40994026,40994027,145,e1c8dc85a7c4da07442c1c1fc1b42f056d9d9cf9,android,broken,0,plain,"",false,,,,,,,,,"",,
40995299,40995300,146,029a05ad6efffdcd68212044b63b284abf6bdc26,android,ok,0,plain,"",false,,,,,,,,,"",,
41001445,41001446,147,2647a13508fa7a97b2da6117ce02194e1b7341b8,android,ok,0,plain,"",false,,,,,,,,,"",,
41042711,41042712,148,f462212f5879d00de90945034e182ef06a78ecaf,android,ok,1,plain,"",false,,,,,,,,,"",,
41137495,41137496,149,9089a96ff178e21a710d5ca9bcb649159fdc0023,android,ok,0,plain,"",false,,,,,,,,,"",,
29749602,29749603,14,186211e3d2350215984741f6df958c52a73e125d,java,ok,,java-gradle,junit,true,false,,0,,,,,,"",,
41142064,41142065,150,e34df4494ad091e546bb0889d6839e1fc1fd0f2c,android,ok,0,plain,"",false,,,,,,,,,"",,
41252661,41252662,151,d65969d6803c867b26fabf5870f39579f856dd67,android,ok,0,plain,"",false,,,,,,,,,"",,
41356320,41356321,152,475dfd805e3cb57eaaf71338a88131cfbc6a7dd7,android,ok,0,plain,"",false,,,,,,,,,"",,
41376452,41376453,153,28a34b614cc9d215e4b506f80e30acf96e119f9d,android,ok,0,plain,"",false,,,,,,,,,"",,
41542988,41542989,154,a6492f7dd1ece226f59ced32d80af0518f760d8a,android,broken,0,plain,"",false,,,,,,,,,"",,
41561107,41561108,155,7dcc877541e359e36db33fb46b49746cdd19445f,android,ok,0,plain,"",false,,,,,,,,,"",,
41608017,41608019,156,d21dc1b90709465db2a625835ff2b0bf6fa2bba5,android,ok,0,plain,"",false,,,,,,,,,"",,
41614807,41614808,157,72e93e6fc46d33acc1e34d9a315df41eac989e6c,android,ok,0,plain,"",false,,,,,,,,,"",,
41616054,41616055,158,f10eef310cce25df65875029189969a6f55cf463,android,ok,0,plain,"",false,,,,,,,,,"",,
41616215,41616216,159,7ff3cb814d9d4a7fb3837c39f72922835bc9b34b,android,broken,1,plain,"",false,,,,,,,,,"",,
30274116,30274117,15,b8b7c87596739f144c8bd4b449f14d7d947ecd4d,java,ok,,java-gradle,junit,true,false,,0,,,,,,"",,
41645514,41645515,160,dbadfaf4399ff070143c2edfafe5da7976d95084,android,ok,0,plain,"",false,,,,,,,,,"",,
41674563,41674564,161,dc80fe44e6074019cddd2d736fa8ff5a894dcf53,android,ok,0,plain,"",false,,,,,,,,,"",,
41682381,41682382,162,b6763aea69edc96fd98305f5bd67bc247f6701ed,android,ok,0,plain,"",false,,,,,,,,,"",,
41734493,41734494,163,a062fe247c3bff935a6a9502b894485e977416e4,android,ok,0,plain,"",false,,,,,,,,,"",,
41734554,41734555,164,cd9012882c04bcd0a85180f66f6319af0b3e020d,android,ok,0,plain,"",false,,,,,,,,,"",,
41976729,41976730,165,3d2580709bb0832ac43b165b18f46301ef054402,android,ok,1,plain,"",false,,,,,,,,,"",,
42752054,42752055,166,3cf5a3094228b714c4f152c048bb0100d16cd3fb,android,ok,1,plain,"",false,,,,,,,,,"",,
43483759,43483761,167,45fdfd94a2476b9599018f4696f80a1435927699,android,ok,0,plain,"",false,,,,,,,,,"",,
43498965,43498966,168,0d9b798f2633709e53e1451159f5b99fbe24096a,android,ok,1,plain,"",false,,,,,,,,,"",,
44287335,44287336,169,a62c4d4210edca696d180dc5d713cd0b508b3c90,android,broken,0,plain,"",false,,,,,,,,,"",,
32337150,32337151,16,5c3697fff7866246e107030b8c92359d4ebc1cf3,java,ok,,java-gradle,junit,true,false,,0,,,,,,"",,
44751195,44751196,170,c957b203cdcffa62e23965fff3131b394352b1b0,android,ok,1,plain,"",false,,,,,,,,,"",,
44775505,44775506,171,04b4e77acddc80832f2014421e1052071b4829d4,android,ok,0,plain,"",false,,,,,,,,,"",,
45171404,45171405,172,cf8317833765b3245e7d214e5f8ce9ea9455fcee,android,ok,0,plain,"",false,,,,,,,,,"",,
45176648,45176649,173,fad970a0f7219e022690aae62a2af3ed331ebb41,android,ok,0,plain,"",false,,,,,,,,,"",,
45410975,45410976,174,b7be7be439d32ef73a5e9dcbeed6cf3d042aca8c,android,ok,0,plain,"",false,,,,,,,,,"",,
47691900,47691902,175,9456192da7cb5ffb51d092a325118e4cbdfd8222,android,ok,1,plain,"",false,,,,,,,,,"",,
47797746,47797747,176,e099ef65d0d711f300dd2fe6410b8d005c30abf9,android,ok,1,plain,"",false,,,,,,,,,"",,
47813423,47813424,177,ea5e23394e036737f05acd3dfae8911254cf15f3,android,ok,0,plain,"",false,,,,,,,,,"",,
47819572,47819574,178,8007e2f2c188123852449dbaa4c81b7fccd64ea2,android,ok,0,plain,"",false,,,,,,,,,"",,
47834221,47834222,179,1c3164b1e69d3c59aa3853cc679892559fe4a718,android,ok,0,plain,"",false,,,,,,,,,"",,
32793817,32793818,17,96fd24996d9f52c067345f0174d948ca10256eb8,java,ok,,java-gradle,"",false,,,0,,,,,,"",,
47842871,47842872,180,d656d720c7031fd901da101c10b3a51731404e72,android,ok,0,plain,"",false,,,,,,,,,"",,
47868770,47868771,181,3e3af8cd19b1d7267db1995a7b35dcf1fe18a2e3,android,ok,0,plain,"",false,,,,,,,,,"",,
47931944,47931945,182,13b2bd2b7a376452b98a10fd32a135b2470b5d9d,android,ok,0,plain,"",false,,,,,,,,,"",,
47935303,47935304,183,7fb36016efb97ee84e206f22d4a1ca3df0c51a23,android,ok,2,plain,"",false,,,,,,,,,"",,
47941444,47941445,184,3422c5754079df8e7a9871f82281b4dde2a78c5e,android,ok,0,plain,"",false,,,,,,,,,"",,
48285324,48285325,185,89352b384388e2a94a59b3381e1014117e57c435,android,ok,0,plain,"",false,,,,,,,,,"",,
48285333,48285335,186,d7ddcf57b963b2dca559b4b71ccc285965c72f19,android,ok,1,plain,"",false,,,,,,,,,"",,
48567906,48567907,187,3cf3cbe7162bc45063709499c196feeefedced0b,android,ok,0,plain,"",false,,,,,,,,,"",,
48646401,48646403,188,6d96b9194a42b67c482ccaf8a368a008e417a987,android,ok,1,plain,"",false,,,,,,,,,"",,
48650512,48650513,189,81e1530cdb1152726fe81621d0d48391fb6e0a65,android,ok,0,plain,"",false,,,,,,,,,"",,
33398866,33398867,18,db85af9fc44f98de5cfc2eb0c8b49ab44242d235,java,ok,,java-gradle,"",false,,,0,,,,,,"",,
48913129,48913130,190,5386deb84cb9bae6b4e2ac9068c7fbb372c6d64c,android,ok,0,plain,"",false,,,,,,,,,"",,
48913133,48913134,191,5386deb84cb9bae6b4e2ac9068c7fbb372c6d64c,android,ok,0,plain,"",false,,,,,,,,,"",,
48913674,48913675,192,d2a982b83dc9bfb3a0003e6e0b0d9bdb1eb5e8a3,android,ok,0,plain,"",false,,,,,,,,,"",,
49342301,49342302,193,b64ccd6b2e3e6362069feb6664a546519dddc08b,android,ok,1,plain,"",false,,,,,,,,,"",,
49410242,49410244,194,2c5f63eb5711fa6f3463dc58766375653384ad5a,android,ok,0,plain,"",false,,,,,,,,,"",,
49556681,49556682,195,d345e8cfdc5bebea782c16499c13f6a4fd79069f,android,ok,0,plain,"",false,,,,,,,,,"",,
49616782,49616783,196,32c9d3827dedf9a9d1372715f3ba68f235e826ac,android,ok,2,plain,"",false,,,,,,,,,"",,
49825264,49825265,197,3dcad684f08ae6bf051cd6c55a0261d96ab22234,android,ok,0,plain,"",false,,,,,,,,,"",,
49966343,49966344,198,ca2907f414e1e8254d0469af6becae4e79b94cfe,android,ok,0,plain,"",false,,,,,,,,,"",,
49995814,49995815,199,b08b47d1380c9d651d800d71f78c79e0440048fa,android,ok,0,plain,"",false,,,,,,,,,"",,
33992433,33992434,19,8668710dcf315ed9818d760275c6ceccc90fe56c,java,ok,,java-gradle,"",false,,,0,,,,,,"",,
28465131,28465132,1,5166e0e9cce71ae4d515355ea2c3ac68ec830157,java,ok,,java-gradle,"",false,,,0,,,,,,"",,
50001534,50001535,200,297cf1f61f9ff2584d503301e2f48785a399467c,android,ok,0,plain,"",false,,,,,,,,,"",,
50008843,50008844,201,7ab34f3902b21268bc9c53a9f436c07f311b2576,android,ok,0,plain,"",false,,,,,,,,,"",,
50008950,50008951,202,3dd62207d4175b447963122a7e4eb8988a37da34,android,ok,0,plain,"",false,,,,,,,,,"",,
50008950,50008952,202,3dd62207d4175b447963122a7e4eb8988a37da34,android,ok,0,plain,"",false,,,,,,,,,"",,
50008950,50008953,202,3dd62207d4175b447963122a7e4eb8988a37da34,android,ok,0,plain,"",false,,,,,,,,,"",,
50069317,50069318,203,863a39958b9735785dc0ca4e1faa184b5c522113,android,ok,0,plain,"",false,,,,,,,,,"",,
50085138,50085139,204,431ccaf04b5c3db3f87e2ac2c1ca151f5d63744f,android,ok,1,plain,"",false,,,,,,,,,"",,
50304785,50304786,205,49047a7c84b829e4ade49c3a2f9a71c8b9f8aaf6,android,ok,1,plain,"",false,,,,,,,,,"",,
50304785,50304787,205,49047a7c84b829e4ade49c3a2f9a71c8b9f8aaf6,android,ok,1,plain,"",false,,,,,,,,,"",,
50304785,50304788,205,49047a7c84b829e4ade49c3a2f9a71c8b9f8aaf6,android,ok,1,plain,"",false,,,,,,,,,"",,
50728594,50728595,206,fed707536714e158d8bcdc4faad1161f9581fb07,android,ok,0,plain,"",false,,,,,,,,,"",,
51029741,51029742,207,e0b93c361655b8a06621d4257f034c3cc9a94e8c,android,ok,1,plain,"",false,,,,,,,,,"",,
51029741,51029743,207,e0b93c361655b8a06621d4257f034c3cc9a94e8c,android,ok,1,plain,"",false,,,,,,,,,"",,
51029741,51029744,207,e0b93c361655b8a06621d4257f034c3cc9a94e8c,android,ok,1,plain,"",false,,,,,,,,,"",,
51031042,51031043,208,34fdef902a9087885364e505d3e02f0c19b9fc1c,android,ok,0,plain,"",false,,,,,,,,,"",,
51090932,51090933,209,e85cf305eb8e030cbfc3a7c73f438085ee0fb025,android,ok,0,plain,"",false,,,,,,,,,"",,
34047671,34047672,20,bc731b2d75cb6820a6e83ebb221f4d98e1283d01,java,ok,,java-gradle,"",false,,,0,,,,,,"",,
51237952,51237953,210,91017ff95f7a4be4d457c86f0df3b44bcc26989a,android,ok,0,plain,"",false,,,,,,,,,"",,
51520921,51520922,211,0405fcc0782b308e06e0f6a44dc7ca7054f59a47,android,ok,1,plain,"",false,,,,,,,,,"",,
51520921,51520923,211,0405fcc0782b308e06e0f6a44dc7ca7054f59a47,android,ok,1,plain,"",false,,,,,,,,,"",,
51520921,51520924,211,0405fcc0782b308e06e0f6a44dc7ca7054f59a47,android,ok,1,plain,"",false,,,,,,,,,"",,
51745830,51745831,212,7480e1257d90dad0970408d372e9d5bdef830e87,android,ok,2,plain,"",false,,,,,,,,,"",,
51745863,51745864,213,7480e1257d90dad0970408d372e9d5bdef830e87,android,ok,0,plain,"",false,,,,,,,,,"",,
51746112,51746113,214,04bfd59fe1781e84d5e82033e07d19359f9a7d0d,android,ok,1,plain,"",false,,,,,,,,,"",,
51761712,51761713,215,9482c5625651108e797de1adbb071c7f03d2a781,android,ok,1,plain,"",false,,,,,,,,,"",,
52039924,52039925,216,536fa141166a91691fa286c5fa84e19bda1d07c8,android,broken,0,plain,"",false,,,,,,,,,"",,
52041358,52041359,217,ddfb46fb1264c1adf6cada2b6dadee39221009cf,android,broken,0,plain,"",false,,,,,,,,,"",,
52053737,52053738,218,a91b2edf65b8ace66c1939c5536777f9b16ebcdd,android,broken,0,plain,"",false,,,,,,,,,"",,
52053934,52053935,219,c8a74662000dd4ba16f7be743cb5133438b04323,android,broken,0,plain,"",false,,,,,,,,,"",,
34047923,34047924,21,54111f888582cefa88b2429767a58d9fe63efdc2,java,ok,,java-gradle,"",false,,,0,,,,,,"",,
52054439,52054440,220,6280857fef4cfa3164e9fd9665292500c85afb12,android,broken,0,plain,"",false,,,,,,,,,"",,
52165584,52165585,221,34dad9f5b9e8428ee3ac4a2d561def92dce8f2a7,android,broken,0,plain,"",false,,,,,,,,,"",,
52196598,52196599,222,34474ac18b45ec5baba1e1e9e29a330ee921845b,android,ok,0,plain,"",false,,,,,,,,,"",,
52260349,52260350,223,9e2e84969cfc7a1aba138089af0838c92ae433e5,android,broken,0,plain,"",false,,,,,,,,,"",,
52261716,52261717,224,a574887c6bf77bed809f6c0f77e1aa0b50d24c4f,android,ok,0,plain,"",false,,,,,,,,,"",,
52288635,52288636,225,1d3ca056c96f40535c14d2feb522fe4ee2f4d161,android,ok,0,plain,"",false,,,,,,,,,"",,
52696944,52696945,226,4a8c58f5f6276ec344c151c782da30a49775970c,android,ok,0,plain,"",false,,,,,,,,,"",,
52989711,52989712,227,93a7613b16864eaa7a1ce8596cbac8ff45c4f933,android,ok,0,plain,"",false,,,,,,,,,"",,
52996536,52996537,228,a9f80ea1a5a5c3576feb3b58e38240b597cc586f,android,ok,0,plain,"",false,,,,,,,,,"",,
53109091,53109092,229,4563b45d35f922f8944b71da84a827fc91e41302,android,ok,1,plain,"",false,,,,,,,,,"",,
53109091,53109093,229,4563b45d35f922f8944b71da84a827fc91e41302,android,ok,1,plain,"",false,,,,,,,,,"",,
53109091,53109094,229,4563b45d35f922f8944b71da84a827fc91e41302,android,ok,1,plain,"",false,,,,,,,,,"",,
34048024,34048025,22,c25b17f83162da8c302f896925cbf332fa90e0e7,java,broken,,java-gradle,"",false,,,0,,,,,,"",,
53386486,53386487,230,79bd0f8594378fe11065abbdbff0b1dbacbed3cc,android,ok,1,plain,"",false,,,,,,,,,"",,
53386486,53386488,230,79bd0f8594378fe11065abbdbff0b1dbacbed3cc,android,ok,1,plain,"",false,,,,,,,,,"",,
53386486,53386489,230,79bd0f8594378fe11065abbdbff0b1dbacbed3cc,android,ok,1,plain,"",false,,,,,,,,,"",,
53390778,53390779,231,c3e3341cb1873dd31546fb6ad7189aa067e4c940,android,ok,2,plain,"",false,,,,,,,,,"",,
53390778,53390780,231,c3e3341cb1873dd31546fb6ad7189aa067e4c940,android,ok,2,plain,"",false,,,,,,,,,"",,
53390778,53390781,231,c3e3341cb1873dd31546fb6ad7189aa067e4c940,android,ok,2,plain,"",false,,,,,,,,,"",,
53421395,53421396,232,66db4a40986a5569fd378f851fbcae1487296932,android,broken,0,plain,"",false,,,,,,,,,"",,
53422119,53422120,233,d520efbca0dfd80725e477282f55267ea8c67f96,android,ok,2,plain,"",false,,,,,,,,,"",,
53429065,53429066,234,5210ba8d3390af9f0cc9bde422aa63601f6e4134,android,ok,0,plain,"",false,,,,,,,,,"",,
53600445,53600446,235,59ba832275fc8a202c54c81110c2afcafffafa05,android,ok,1,plain,"",false,,,,,,,,,"",,
53600445,53600447,235,59ba832275fc8a202c54c81110c2afcafffafa05,android,ok,1,plain,"",false,,,,,,,,,"",,
53600445,53600448,235,59ba832275fc8a202c54c81110c2afcafffafa05,android,ok,2,plain,"",false,,,,,,,,,"",,
53605328,53605329,236,c3ee8a281155833dc578362ba731a1910320de17,android,ok,0,plain,"",false,,,,,,,,,"",,
53661519,53661520,237,76c88143d0351bbd27956472cb5a0322551ad51c,android,ok,1,plain,"",false,,,,,,,,,"",,
53661519,53661521,237,76c88143d0351bbd27956472cb5a0322551ad51c,android,ok,2,plain,"",false,,,,,,,,,"",,
53661519,53661522,237,76c88143d0351bbd27956472cb5a0322551ad51c,android,ok,1,plain,"",false,,,,,,,,,"",,
53669140,53669141,238,3d48e8916c33bc770839bc2907d4d7f2fdf628ec,android,ok,1,plain,"",false,,,,,,,,,"",,
53669140,53669142,238,3d48e8916c33bc770839bc2907d4d7f2fdf628ec,android,ok,1,plain,"",false,,,,,,,,,"",,
53669140,53669143,238,3d48e8916c33bc770839bc2907d4d7f2fdf628ec,android,ok,1,plain,"",false,,,,,,,,,"",,
53832936,53832937,239,6b0df2ab43f337747ae102f813eee95649a32699,android,ok,1,plain,"",false,,,,,,,,,"",,
53832936,53832938,239,6b0df2ab43f337747ae102f813eee95649a32699,android,ok,1,plain,"",false,,,,,,,,,"",,
53832936,53832939,239,6b0df2ab43f337747ae102f813eee95649a32699,android,ok,1,plain,"",false,,,,,,,,,"",,
34048486,34048487,23,5fe9421ae295771ded539242dc67e09afa1eec60,java,ok,,java-gradle,"",false,,,0,,,,,,"",,
53992369,53992370,240,df870af642d4fb9b0042f2344345f173aaabb06b,android,ok,1,plain,"",false,,,,,,,,,"",,
53992369,53992371,240,df870af642d4fb9b0042f2344345f173aaabb06b,android,ok,1,plain,"",false,,,,,,,,,"",,
53992369,53992373,240,df870af642d4fb9b0042f2344345f173aaabb06b,android,ok,1,plain,"",false,,,,,,,,,"",,
54025229,54025230,241,aca42cc07ffde68a5117eb32d51ba450d9188396,android,ok,1,plain,"",false,,,,,,,,,"",,
54025229,54025231,241,aca42cc07ffde68a5117eb32d51ba450d9188396,android,ok,1,plain,"",false,,,,,,,,,"",,
54025229,54025232,241,aca42cc07ffde68a5117eb32d51ba450d9188396,android,ok,1,plain,"",false,,,,,,,,,"",,
54050068,54050069,242,abc2dbb1d142144a16888a61369542bb9345c3b7,android,ok,1,plain,"",false,,,,,,,,,"",,
54050068,54050070,242,abc2dbb1d142144a16888a61369542bb9345c3b7,android,ok,1,plain,"",false,,,,,,,,,"",,
54050068,54050071,242,abc2dbb1d142144a16888a61369542bb9345c3b7,android,ok,1,plain,"",false,,,,,,,,,"",,
54147363,54147364,243,563b7b994d863ca9dba4a240eacef9f4ee767dd7,android,ok,1,plain,"",false,,,,,,,,,"",,
54147363,54147365,243,563b7b994d863ca9dba4a240eacef9f4ee767dd7,android,ok,1,plain,"",false,,,,,,,,,"",,
54147363,54147366,243,563b7b994d863ca9dba4a240eacef9f4ee767dd7,android,ok,1,plain,"",false,,,,,,,,,"",,
55605367,55605368,244,ca62e8ecfb72ecd5c6595f06f169101e7d4af770,android,ok,0,plain,"",false,,,,,,,,,"",,
55805220,55805221,245,e9cfd2d264c8d1f04ec3a9a26bed17ea690116c8,android,ok,0,plain,"",false,,,,,,,,,"",,
56096094,56096097,246,b3a98a45f3d3d56ccf86114ce7664fb09f8cfbc5,android,ok,1,plain,"",false,,,,,,,,,"",,
56179830,56179831,247,91466bbf06b7a797b7320dc4efe3d83f6e850b9a,android,ok,0,plain,"",false,,,,,,,,,"",,
56659493,56659494,248,0290100538abe33ac07ac7d83f09565a79231f24,android,ok,0,plain,"",false,,,,,,,,,"",,
56744015,56744016,249,de0ed109aab0d1492e2d84cffa5dfa60d8a6bdd6,android,ok,2,plain,"",false,,,,,,,,,"",,
56744015,56744018,249,de0ed109aab0d1492e2d84cffa5dfa60d8a6bdd6,android,ok,1,plain,"",false,,,,,,,,,"",,
56744015,56744019,249,de0ed109aab0d1492e2d84cffa5dfa60d8a6bdd6,android,ok,2,plain,"",false,,,,,,,,,"",,
34048608,34048609,24,8dc74719c83af6f84d42de9e9c0cc6e05d41aae3,java,ok,,java-gradle,"",false,,,0,,,,,,"",,
56885783,56885784,250,8e1d25f7426879696eaeda22340e694b6e8699ed,android,ok,1,plain,"",false,,,,,,,,,"",,
56885783,56885785,250,8e1d25f7426879696eaeda22340e694b6e8699ed,android,ok,1,plain,"",false,,,,,,,,,"",,
56885783,56885786,250,8e1d25f7426879696eaeda22340e694b6e8699ed,android,ok,1,plain,"",false,,,,,,,,,"",,
57195324,57195325,251,52985d7c3b1f214532b5bd26b1d2563045982b83,android,ok,0,plain,"",false,,,,,,,,,"",,
57337335,57337336,252,c78ee4e8bc815d88f0e5b276984ec5e1af9d4f22,android,ok,1,plain,"",false,,,,,,,,,"",,
57486081,57486082,253,2702cba8e4af72081787c02a2abc4f2e05e620bd,android,ok,10,plain,"",false,,,,,,,,,"",,
57486081,57486083,253,2702cba8e4af72081787c02a2abc4f2e05e620bd,android,ok,1,plain,"",false,,,,,,,,,"",,
57486081,57486084,253,2702cba8e4af72081787c02a2abc4f2e05e620bd,android,ok,1,plain,"",false,,,,,,,,,"",,
57959185,57959186,254,631cf0b530061c6c7407ecf1e48ed299c5c5697b,android,ok,0,plain,"",false,,,,,,,,,"",,
57968779,57968780,255,8d7beb50703d6ea1da0652ea54095e2a0b7e5c45,android,ok,1,plain,"",false,,,,,,,,,"",,
58273253,58273254,256,c289694af621283ac681ae43790a6980978541b3,android,ok,0,plain,"",false,,,,,,,,,"",,
58283091,58283092,257,f20687d0cbd86d3a46b940b04b440aec3011b9f2,android,ok,1,plain,"",false,,,,,,,,,"",,
58346979,58346980,258,899e41b88afab3f8de39e27e6e72b1ba1d57403c,android,ok,2,plain,"",false,,,,,,,,,"",,
58454894,58454895,259,6529484953f5942229966f3caf4e5fc456251f85,android,ok,4,plain,"",false,,,,,,,,,"",,
58454894,58454896,259,6529484953f5942229966f3caf4e5fc456251f85,android,ok,1,plain,"",false,,,,,,,,,"",,
58454894,58454897,259,6529484953f5942229966f3caf4e5fc456251f85,android,ok,3,plain,"",false,,,,,,,,,"",,
34048778,34048779,25,81d761e71ce3a93550b3292ec62a5196c618e120,java,broken,,java-gradle,"",false,,,0,,,,,,"",,
58477833,58477834,260,9106427987185ef1fd5c5a57b7ef6bc96daea726,android,ok,6,plain,"",false,,,,,,,,,"",,
58477833,58477835,260,9106427987185ef1fd5c5a57b7ef6bc96daea726,android,ok,7,plain,"",false,,,,,,,,,"",,
58477833,58477836,260,9106427987185ef1fd5c5a57b7ef6bc96daea726,android,ok,6,plain,"",false,,,,,,,,,"",,
58693278,58693279,261,6c85b134d797126469dc3ab1a719e9edcf155573,android,ok,0,plain,"",false,,,,,,,,,"",,
58950351,58950353,262,09edc463fe8008ec6b2139e0548c88f4e5f9821c,android,ok,4,plain,"",false,,,,,,,,,"",,
58950351,58950354,262,09edc463fe8008ec6b2139e0548c88f4e5f9821c,android,ok,2,plain,"",false,,,,,,,,,"",,
58950351,58950356,262,09edc463fe8008ec6b2139e0548c88f4e5f9821c,android,ok,3,plain,"",false,,,,,,,,,"",,
59253822,59253823,263,8dbafcd3a80db565761e44942b88170911ab63f5,android,ok,1,plain,"",false,,,,,,,,,"",,
59373249,59373250,264,9909e397c6fbfe97d078a405fec35277f476f8b2,android,unknown,0,plain,"",false,,,,,,,,,"",,
59422013,59422014,265,bc379424420f193aaa42375d2cb467899337c465,android,broken,0,plain,"",false,,,,,,,,,"",,
59422621,59422622,266,6538ab46fa742c07be7f92d2fd4f44a99448f5c9,android,broken,0,plain,"",false,,,,,,,,,"",,
59422888,59422889,267,21cf17e50a51bf303d7336cdd48264685e508d74,android,ok,0,plain,"",false,,,,,,,,,"",,
59456562,59456563,268,af5755f6998318ea385af0e77b4f5688b9888c0e,android,ok,0,plain,"",false,,,,,,,,,"",,
59461173,59461174,269,e777bc05934ebf0d8fcb3bbd92e7de23f910fd2c,android,ok,2,plain,"",false,,,,,,,,,"",,
34049368,34049369,26,56d36ccaa6cf7d307352f464e7b593a31e19e089,java,ok,,java-gradle,"",false,,,0,,,,,,"",,
59953722,59953723,270,01e59f2729767ad92ce7c1fe53f0b7fe128d2290,android,ok,1,plain,"",false,,,,,,,,,"",,
59953722,59953724,270,01e59f2729767ad92ce7c1fe53f0b7fe128d2290,android,ok,2,plain,"",false,,,,,,,,,"",,
59953722,59953725,270,01e59f2729767ad92ce7c1fe53f0b7fe128d2290,android,ok,1,plain,"",false,,,,,,,,,"",,
60135755,60135756,271,1843c20552c6c22ba42859acd3429d4ca83fd7cc,android,ok,1,plain,"",false,,,,,,,,,"",,
60144275,60144276,272,46126e00cbd8d32fa2b72ffc8af863047e685151,android,ok,0,plain,"",false,,,,,,,,,"",,
60449520,60449521,273,5777f04054c627ce35dbf12246eeb4ad5abaee08,android,ok,2,plain,"",false,,,,,,,,,"",,
60449520,60449522,273,5777f04054c627ce35dbf12246eeb4ad5abaee08,android,ok,4,plain,"",false,,,,,,,,,"",,
60449520,60449523,273,5777f04054c627ce35dbf12246eeb4ad5abaee08,android,ok,3,plain,"",false,,,,,,,,,"",,
60468782,60468783,274,088f33df00233c51b34a396041aa32a7fb31fedd,android,ok,1,plain,"",false,,,,,,,,,"",,
60468782,60468784,274,088f33df00233c51b34a396041aa32a7fb31fedd,android,ok,0,plain,"",false,,,,,,,,,"",,
60468782,60468785,274,088f33df00233c51b34a396041aa32a7fb31fedd,android,ok,2,plain,"",false,,,,,,,,,"",,
60606348,60606349,275,1a95c525ccfc726a4993dcf2f8d839d59e90da7e,android,ok,1,plain,"",false,,,,,,,,,"",,
60606348,60606350,275,1a95c525ccfc726a4993dcf2f8d839d59e90da7e,android,ok,1,plain,"",false,,,,,,,,,"",,
60606348,60606351,275,1a95c525ccfc726a4993dcf2f8d839d59e90da7e,android,ok,0,plain,"",false,,,,,,,,,"",,
60636743,60636744,276,f672f23454b6a6421f7e7bbf0303a9d9bdb54d39,android,ok,0,plain,"",false,,,,,,,,,"",,
60636743,60636745,276,f672f23454b6a6421f7e7bbf0303a9d9bdb54d39,android,ok,0,plain,"",false,,,,,,,,,"",,
60636743,60636746,276,f672f23454b6a6421f7e7bbf0303a9d9bdb54d39,android,ok,0,plain,"",false,,,,,,,,,"",,
60638243,60638244,277,421570a43c15fa599d21613c90b5df95084bf347,android,ok,2,plain,"",false,,,,,,,,,"",,
60692337,60692338,278,13f8b62424aa725f7981967e3f68cbb484b180c2,android,ok,0,plain,"",false,,,,,,,,,"",,
60700440,60700441,279,31e8e3191d3456283db86972f21b030507838e7b,android,ok,2,plain,"",false,,,,,,,,,"",,
34049370,34049371,27,aaee3927e63727c12b6ad6bf946b1854e9f9b940,java,ok,,java-gradle,"",false,,,0,,,,,,"",,
60712308,60712309,280,879ea654b54ced110b27eb98fefe9f6074acbfae,android,ok,1,plain,"",false,,,,,,,,,"",,
60712308,60712310,280,879ea654b54ced110b27eb98fefe9f6074acbfae,android,ok,1,plain,"",false,,,,,,,,,"",,
60712308,60712311,280,879ea654b54ced110b27eb98fefe9f6074acbfae,android,ok,0,plain,"",false,,,,,,,,,"",,
60785486,60785487,281,ea0a17a72c1752099c5d014c5485993d1fc48cd0,android,ok,2,plain,"",false,,,,,,,,,"",,
60789388,60789389,282,7e0f87347f1d47605a54c9e2782d8dedd660628c,android,ok,0,plain,"",false,,,,,,,,,"",,
60789388,60789390,282,7e0f87347f1d47605a54c9e2782d8dedd660628c,android,ok,1,plain,"",false,,,,,,,,,"",,
60789388,60789391,282,7e0f87347f1d47605a54c9e2782d8dedd660628c,android,ok,1,plain,"",false,,,,,,,,,"",,
60856396,60856397,283,95482113866a2147660888b6ae1a1d6d9e5ad0a9,android,ok,0,plain,"",false,,,,,,,,,"",,
60886224,60886225,284,e85cc9522917267d64ebaaba89e3b2f4dab4575f,android,ok,0,plain,"",false,,,,,,,,,"",,
60886242,60886243,285,b1e6e30cbf35c7fa2a71eb4f7b1c2ddd0d157c81,android,ok,0,plain,"",false,,,,,,,,,"",,
60971695,60971696,286,e161ca9b39af52db04527ffe453dacafbb3ab94a,android,ok,1,plain,"",false,,,,,,,,,"",,
60990664,60990665,287,ae4a451131d858bbe8f1bb1913bfef3322313e73,android,ok,1,plain,"",false,,,,,,,,,"",,
60990664,60990666,287,ae4a451131d858bbe8f1bb1913bfef3322313e73,android,ok,1,plain,"",false,,,,,,,,,"",,
60990664,60990667,287,ae4a451131d858bbe8f1bb1913bfef3322313e73,android,ok,1,plain,"",false,,,,,,,,,"",,
61097234,61097235,288,0d29f42b3b70610c755e8c76cfa42193d78896dd,android,ok,1,plain,"",false,,,,,,,,,"",,
61097234,61097236,288,0d29f42b3b70610c755e8c76cfa42193d78896dd,android,ok,1,plain,"",false,,,,,,,,,"",,
61097234,61097237,288,0d29f42b3b70610c755e8c76cfa42193d78896dd,android,ok,1,plain,"",false,,,,,,,,,"",,
61171427,61171428,289,cf42cbcb26b753a0c517abca037d08c1ad638f6f,android,ok,2,plain,"",false,,,,,,,,,"",,
61171427,61171429,289,cf42cbcb26b753a0c517abca037d08c1ad638f6f,android,ok,1,plain,"",false,,,,,,,,,"",,
61171427,61171430,289,cf42cbcb26b753a0c517abca037d08c1ad638f6f,android,ok,2,plain,"",false,,,,,,,,,"",,
34051966,34051967,28,9df9953e2d43570c81cc3b419c19556eb50dc695,java,ok,,java-gradle,"",false,,,0,,,,,,"",,
61809172,61809173,290,13ddbe86b8dd338d1c73e95e9753cdf8bd34250a,android,ok,1,plain,"",false,,,,,,,,,"",,
61809172,61809174,290,13ddbe86b8dd338d1c73e95e9753cdf8bd34250a,android,ok,1,plain,"",false,,,,,,,,,"",,
61809172,61809175,290,13ddbe86b8dd338d1c73e95e9753cdf8bd34250a,android,ok,1,plain,"",false,,,,,,,,,"",,
61822388,61822389,291,f00c9a2f14f6c000a987c463c4f42f4d65ffe248,android,ok,1,plain,"",false,,,,,,,,,"",,
61822388,61822390,291,f00c9a2f14f6c000a987c463c4f42f4d65ffe248,android,ok,1,plain,"",false,,,,,,,,,"",,
61822388,61822391,291,f00c9a2f14f6c000a987c463c4f42f4d65ffe248,android,ok,1,plain,"",false,,,,,,,,,"",,
63519518,63519519,292,ed770db705744217b2cc31c0e2f3f12d3dffdef8,android,ok,3,plain,"",false,,,,,,,,,"",,
63519518,63519520,292,ed770db705744217b2cc31c0e2f3f12d3dffdef8,android,ok,1,plain,"",false,,,,,,,,,"",,
63519518,63519522,292,ed770db705744217b2cc31c0e2f3f12d3dffdef8,android,ok,1,plain,"",false,,,,,,,,,"",,
63524182,63524183,293,145975c16020103fcc104dfbe9c38ade4a2b51e0,android,ok,2,plain,"",false,,,,,,,,,"",,
63524182,63524184,293,145975c16020103fcc104dfbe9c38ade4a2b51e0,android,ok,4,plain,"",false,,,,,,,,,"",,
63524182,63524186,293,145975c16020103fcc104dfbe9c38ade4a2b51e0,android,ok,1,plain,"",false,,,,,,,,,"",,
63660441,63660443,294,dc2cd11a5a65e14bc1c7eb9ff30e87f409ca09e2,android,ok,1,plain,"",false,,,,,,,,,"",,
63660441,63660444,294,dc2cd11a5a65e14bc1c7eb9ff30e87f409ca09e2,android,ok,1,plain,"",false,,,,,,,,,"",,
63660441,63660446,294,dc2cd11a5a65e14bc1c7eb9ff30e87f409ca09e2,android,ok,1,plain,"",false,,,,,,,,,"",,
63675157,63675158,295,6c34550ca9a289e29b7beae9b6758fa3fd870648,android,ok,1,plain,"",false,,,,,,,,,"",,
63675157,63675159,295,6c34550ca9a289e29b7beae9b6758fa3fd870648,android,ok,1,plain,"",false,,,,,,,,,"",,
64308828,64308829,296,4aaeb233d149c820c57f2a769d17df562e969568,android,ok,1,plain,"",false,,,,,,,,,"",,
64308828,64308830,296,4aaeb233d149c820c57f2a769d17df562e969568,android,ok,1,plain,"",false,,,,,,,,,"",,
64439808,64439809,297,640ce783e18ff9c54bf0db3abb2fe7021b8fc300,android,ok,1,plain,"",false,,,,,,,,,"",,
64439808,64439810,297,640ce783e18ff9c54bf0db3abb2fe7021b8fc300,android,ok,1,plain,"",false,,,,,,,,,"",,
64445736,64445737,298,192c9d7728bd08422188d9461c3d521f8fc1c3ea,android,ok,1,plain,"",false,,,,,,,,,"",,
64445736,64445738,298,192c9d7728bd08422188d9461c3d521f8fc1c3ea,android,ok,1,plain,"",false,,,,,,,,,"",,
64458691,64458692,299,c5aa232b3947169cfa184c87d1e9edb78257a175,android,ok,2,plain,"",false,,,,,,,,,"",,
64458691,64458693,299,c5aa232b3947169cfa184c87d1e9edb78257a175,android,ok,1,plain,"",false,,,,,,,,,"",,
34054261,34054262,29,86d92c89644021ab420ea612ce9d7d02b9b24be2,java,ok,,java-gradle,"",false,,,0,,,,,,"",,
28541457,28541458,2,6cdebac98d36c87ff41f44f1eed75f3115428688,java,ok,,java-gradle,"",false,,,0,,,,,,"",,
64620074,64620075,300,28ea3c33f14a3fe185336dadfa04472be8719d1b,android,unknown,0,plain,"",false,,,,,,,,,"",,
64620074,64620077,300,28ea3c33f14a3fe185336dadfa04472be8719d1b,android,ok,0,plain,"",false,,,,,,,,,"",,
64829384,64829385,301,8ad8c2429aa96ccb0ba6202c1b1a7de0aeb87d05,android,ok,0,plain,"",false,,,,,,,,,"",,
64829384,64829386,301,8ad8c2429aa96ccb0ba6202c1b1a7de0aeb87d05,android,ok,1,plain,"",false,,,,,,,,,"",,
64952428,64952429,302,95c0585be90b21faffd28b944c0dd70780c94164,android,unknown,0,plain,"",false,,,,,,,,,"",,
64952428,64952430,302,95c0585be90b21faffd28b944c0dd70780c94164,android,unknown,0,plain,"",false,,,,,,,,,"",,
64952561,64952562,303,b822f40926ab4c3f147388d1066e98445af0f0a8,android,unknown,0,plain,"",false,,,,,,,,,"",,
64952561,64952563,303,b822f40926ab4c3f147388d1066e98445af0f0a8,android,unknown,0,plain,"",false,,,,,,,,,"",,
64959094,64959095,304,f912cd3a2764b12d130a3a9f0962fb4bc3bd6b5a,android,unknown,0,plain,"",false,,,,,,,,,"",,
64959094,64959096,304,f912cd3a2764b12d130a3a9f0962fb4bc3bd6b5a,android,unknown,0,plain,"",false,,,,,,,,,"",,
64971379,64971382,305,d8d32184211799f6839527bef6a20eca77c1d6b5,android,ok,1,plain,"",false,,,,,,,,,"",,
64971379,64971383,305,d8d32184211799f6839527bef6a20eca77c1d6b5,android,ok,0,plain,"",false,,,,,,,,,"",,
65135599,65135600,306,5b63543ae0ae11f17ba6c4c2b569b2cb5e0b4c47,android,ok,1,plain,"",false,,,,,,,,,"",,
65135599,65135601,306,5b63543ae0ae11f17ba6c4c2b569b2cb5e0b4c47,android,ok,1,plain,"",false,,,,,,,,,"",,
65154302,65154303,307,8720e161169e228ae4dc1e78affa937f87a561c2,android,ok,1,plain,"",false,,,,,,,,,"",,
65154302,65154304,307,8720e161169e228ae4dc1e78affa937f87a561c2,android,ok,1,plain,"",false,,,,,,,,,"",,
65330479,65330480,308,849675a0e96f81dedd0c7a6f8fd7fabc2d5db85d,android,ok,1,plain,"",false,,,,,,,,,"",,
65330479,65330481,308,849675a0e96f81dedd0c7a6f8fd7fabc2d5db85d,android,ok,0,plain,"",false,,,,,,,,,"",,
65498317,65498318,309,86a3afa40b56bad2f0d1d51a2a148d897a912b89,android,ok,1,plain,"",false,,,,,,,,,"",,
65498317,65498319,309,86a3afa40b56bad2f0d1d51a2a148d897a912b89,android,ok,0,plain,"",false,,,,,,,,,"",,
34055957,34055958,30,c4cb69cd2ada92757c158af88d56ccc81ec72ee6,java,ok,,java-gradle,"",false,,,0,,,,,,"",,
65972082,65972083,310,e8db8cb26d9ae1b72d447453e4a9cd562fa3b9a2,android,unknown,0,plain,"",false,,,,,,,,,"",,
65972082,65972084,310,e8db8cb26d9ae1b72d447453e4a9cd562fa3b9a2,android,unknown,0,plain,"",false,,,,,,,,,"",,
66051627,66051628,311,1fc3ef901f5c40e57264539bfcb567a379cb965b,android,ok,1,plain,"",false,,,,,,,,,"",,
66051627,66051629,311,1fc3ef901f5c40e57264539bfcb567a379cb965b,android,ok,1,plain,"",false,,,,,,,,,"",,
66099093,66099094,312,a50b471ac7d2371998a47fb954b59425f47d5b9f,android,ok,1,plain,"",false,,,,,,,,,"",,
66099093,66099095,312,a50b471ac7d2371998a47fb954b59425f47d5b9f,android,ok,0,plain,"",false,,,,,,,,,"",,
66114261,66114262,313,8237afc110599649f2cc78afd042f271a682644b,android,ok,1,plain,"",false,,,,,,,,,"",,
66114261,66114263,313,8237afc110599649f2cc78afd042f271a682644b,android,ok,0,plain,"",false,,,,,,,,,"",,
66120355,66120356,314,bf53fa653849217ddd25d6b3c54d8e05312369ee,android,ok,1,plain,"",false,,,,,,,,,"",,
66120355,66120357,314,bf53fa653849217ddd25d6b3c54d8e05312369ee,android,ok,0,plain,"",false,,,,,,,,,"",,
66142198,66142199,315,9b60aa08ae244f479eee8416dd1a5c1ee1b6e8d6,android,ok,0,plain,"",false,,,,,,,,,"",,
66142198,66142200,315,9b60aa08ae244f479eee8416dd1a5c1ee1b6e8d6,android,ok,0,plain,"",false,,,,,,,,,"",,
66227078,66227079,316,9c55989c00554ed547967760397c6887a0061cc6,android,ok,1,plain,"",false,,,,,,,,,"",,
66227078,66227081,316,9c55989c00554ed547967760397c6887a0061cc6,android,ok,1,plain,"",false,,,,,,,,,"",,
66868959,66868960,317,e5f2fc25807dfcd41e1d65403820384e037b2d04,android,ok,1,plain,"",false,,,,,,,,,"",,
66868959,66868961,317,e5f2fc25807dfcd41e1d65403820384e037b2d04,android,ok,0,plain,"",false,,,,,,,,,"",,
67088984,67088985,318,e7373b40783b65e7f424faf67494efe1c395cac7,android,broken,0,plain,"",false,,,,,,,,,"",,
67088984,67088987,318,e7373b40783b65e7f424faf67494efe1c395cac7,android,broken,0,plain,"",false,,,,,,,,,"",,
67132673,67132674,319,30c92551ee75c2109955ee653e8795c7c1d60bf8,android,ok,0,plain,"",false,,,,,,,,,"",,
67132673,67132675,319,30c92551ee75c2109955ee653e8795c7c1d60bf8,android,ok,0,plain,"",false,,,,,,,,,"",,
34058871,34058872,31,76666786ed7639da220a9bbba40412002f1faa71,java,ok,,java-gradle,"",false,,,0,,,,,,"",,
67231598,67231599,320,8eaa0217ad955db159b4fdca05287ad2ccd85aca,android,ok,1,plain,"",false,,,,,,,,,"",,
67231598,67231601,320,8eaa0217ad955db159b4fdca05287ad2ccd85aca,android,ok,0,plain,"",false,,,,,,,,,"",,
67264984,67264985,321,3b99bc54d1535d341e8a3db65e601bf0449304d7,android,ok,0,plain,"",false,,,,,,,,,"",,
67264984,67264986,321,3b99bc54d1535d341e8a3db65e601bf0449304d7,android,ok,0,plain,"",false,,,,,,,,,"",,
67371225,67371226,322,30be384aa89cd84db9affd0f16497d197e3c8ee8,android,ok,1,plain,"",false,,,,,,,,,"",,
67371225,67371227,322,30be384aa89cd84db9affd0f16497d197e3c8ee8,android,ok,0,plain,"",false,,,,,,,,,"",,
67545103,67545104,323,59fc0fcbd8fe491e33992481ef70399b3e52f7e2,android,ok,0,plain,"",false,,,,,,,,,"",,
67545103,67545105,323,59fc0fcbd8fe491e33992481ef70399b3e52f7e2,android,ok,1,plain,"",false,,,,,,,,,"",,
67866880,67866881,324,cfa304d7cda3a81e72202e7a0dba5dfc48283a54,android,ok,0,plain,"",false,,,,,,,,,"",,
67866880,67866882,324,cfa304d7cda3a81e72202e7a0dba5dfc48283a54,android,ok,4,plain,"",false,,,,,,,,,"",,
67927646,67927647,325,95551360d7562568ca3b1ce956203c16ae73035d,android,ok,0,plain,"",false,,,,,,,,,"",,
67927646,67927648,325,95551360d7562568ca3b1ce956203c16ae73035d,android,ok,1,plain,"",false,,,,,,,,,"",,
68082295,68082296,326,69351a6eddb9945aa58544dd0e08782d2f2a0310,android,ok,1,plain,"",false,,,,,,,,,"",,
68082295,68082297,326,69351a6eddb9945aa58544dd0e08782d2f2a0310,android,ok,0,plain,"",false,,,,,,,,,"",,
68191622,68191623,327,fce113143f586f44c9c00e113a744f4258d78b82,android,ok,0,plain,"",false,,,,,,,,,"",,
68406174,68406175,328,77e5abb7a3d13f8e729ac4c2bfab5d0009bed29c,android,ok,0,plain,"",false,,,,,,,,,"",,
68406174,68406176,328,77e5abb7a3d13f8e729ac4c2bfab5d0009bed29c,android,ok,0,plain,"",false,,,,,,,,,"",,
68414413,68414414,329,f97dc0d713ec45fff6ad857e909bf659740aaf7d,android,ok,0,plain,"",false,,,,,,,,,"",,
68414413,68414415,329,f97dc0d713ec45fff6ad857e909bf659740aaf7d,android,ok,0,plain,"",false,,,,,,,,,"",,
34061344,34061345,32,1cd0b7c7f697e82df47febe9713ed1c8f981d53d,java,ok,,java-gradle,"",false,,,0,,,,,,"",,
68730738,68730739,330,d557c08345b0e7298cc04fb9a64df5b4489d5a24,android,ok,1,plain,"",false,,,,,,,,,"",,
68730783,68730785,331,d557c08345b0e7298cc04fb9a64df5b4489d5a24,android,ok,0,plain,"",false,,,,,,,,,"",,
68824201,68824202,332,7820ac23bf755d0cb5bf11a9c87e1bd8cc8e9850,android,ok,1,plain,"",false,,,,,,,,,"",,
68824201,68824204,332,7820ac23bf755d0cb5bf11a9c87e1bd8cc8e9850,android,ok,1,plain,"",false,,,,,,,,,"",,
69797896,69797897,333,eeaf46837bc4fa0a6623481dba1202afa58d5a94,android,ok,0,plain,"",false,,,,,,,,,"",,
69797896,69797898,333,eeaf46837bc4fa0a6623481dba1202afa58d5a94,android,ok,0,plain,"",false,,,,,,,,,"",,
69804678,69804679,334,56af00fceb5808336eca4865d399ece430a4314a,android,broken,0,plain,"",false,,,,,,,,,"",,
69804678,69804680,334,56af00fceb5808336eca4865d399ece430a4314a,android,broken,0,plain,"",false,,,,,,,,,"",,
74160739,74160740,335,569a59349a849083633675e7f15b984a6af1efa6,android,ok,0,plain,"",false,,,,,,,,,"",,
74160739,74160741,335,569a59349a849083633675e7f15b984a6af1efa6,android,ok,0,plain,"",false,,,,,,,,,"",,
74225651,74225652,336,460d705c61193d619863c05bc01c1e2dbf05b6d2,android,ok,0,plain,"",false,,,,,,,,,"",,
74225651,74225653,336,460d705c61193d619863c05bc01c1e2dbf05b6d2,android,ok,0,plain,"",false,,,,,,,,,"",,
74277637,74277638,337,4e285f8de24026821cee63e8d94e37aacfb967ec,android,ok,1,plain,"",false,,,,,,,,,"",,
74277637,74277639,337,4e285f8de24026821cee63e8d94e37aacfb967ec,android,ok,2,plain,"",false,,,,,,,,,"",,
74314462,74314463,338,4f8d43e113f83ac9ff44221e102fc96817721cd9,android,ok,0,plain,"",false,,,,,,,,,"",,
74314462,74314464,338,4f8d43e113f83ac9ff44221e102fc96817721cd9,android,ok,1,plain,"",false,,,,,,,,,"",,
75752446,75752447,339,44b41f7c28903d6f3e4162c755ae9fa403c951c3,android,ok,0,plain,"",false,,,,,,,,,"",,
34111667,34111668,33,c7e6859197eaf80f0c752632d9b44a931f0d83b7,java,ok,,java-gradle,"",false,,,0,,,,,,"",,
76029699,76029700,340,eb340db84e10afd465edc1ae8d916881309c3ea0,android,ok,0,plain,"",false,,,,,,,,,"",,
76029699,76029701,340,eb340db84e10afd465edc1ae8d916881309c3ea0,android,ok,0,plain,"",false,,,,,,,,,"",,
76338814,76338815,341,455f05e5c552a3dfc73e01085b8575b333752673,android,ok,0,plain,"",false,,,,,,,,,"",,
76338814,76338816,341,455f05e5c552a3dfc73e01085b8575b333752673,android,ok,1,plain,"",false,,,,,,,,,"",,
76695704,76695705,342,d3744a90b37ce2b3d4ac06ef52aad783e66a683e,android,ok,0,plain,"",false,,,,,,,,,"",,
76695704,76695706,342,d3744a90b37ce2b3d4ac06ef52aad783e66a683e,android,ok,0,plain,"",false,,,,,,,,,"",,
76699491,76699492,343,b7a37a04c3c73453370a1b75fae1e87bdda22e3f,android,ok,1,plain,"",false,,,,,,,,,"",,
76699491,76699493,343,b7a37a04c3c73453370a1b75fae1e87bdda22e3f,android,ok,0,plain,"",false,,,,,,,,,"",,
77652147,77652148,344,d5b33b2ac63bcdb5f81aa5a407e82d2632d86908,android,ok,0,plain,"",false,,,,,,,,,"",,
77652147,77652149,344,d5b33b2ac63bcdb5f81aa5a407e82d2632d86908,android,ok,0,plain,"",false,,,,,,,,,"",,
78150878,78150879,345,8fdf0b322ad5a33c483af3459167927bb10cd27e,android,ok,0,plain,"",false,,,,,,,,,"",,
78150878,78150880,345,8fdf0b322ad5a33c483af3459167927bb10cd27e,android,ok,0,plain,"",false,,,,,,,,,"",,
78409436,78409437,346,165db64e6b3abd09a6c32c74eb692e8ee77a2291,android,ok,1,plain,"",false,,,,,,,,,"",,
78409436,78409438,346,165db64e6b3abd09a6c32c74eb692e8ee77a2291,android,ok,2,plain,"",false,,,,,,,,,"",,
78788560,78788561,347,85506abeaa9b10ba4c81848772785b60242ba5d7,android,ok,1,plain,"",false,,,,,,,,,"",,
78788560,78788562,347,85506abeaa9b10ba4c81848772785b60242ba5d7,android,ok,1,plain,"",false,,,,,,,,,"",,
78825710,78825711,348,f10b02990f735ef9221f3441afdffefac826f025,android,ok,0,plain,"",false,,,,,,,,,"",,
78825710,78825712,348,f10b02990f735ef9221f3441afdffefac826f025,android,ok,1,plain,"",false,,,,,,,,,"",,
79848234,79848235,349,443122661801d19cb67333292119a0f15e035764,android,broken,0,plain,"",false,,,,,,,,,"",,
79848234,79848236,349,443122661801d19cb67333292119a0f15e035764,android,broken,0,plain,"",false,,,,,,,,,"",,
34118398,34118399,34,3947c741df8f8b0658430c22536b244dd26b793c,java,ok,,java-gradle,"",false,,,0,,,,,,"",,
79850259,79850260,350,172734a8ae6057a72f5747489eee49d5a45973f6,android,ok,0,plain,"",false,,,,,,,,,"",,
79850259,79850261,350,172734a8ae6057a72f5747489eee49d5a45973f6,android,ok,0,plain,"",false,,,,,,,,,"",,
79950901,79950902,351,7a20c21d1844f6631f1017fa76dfad097671476d,android,ok,0,plain,"",false,,,,,,,,,"",,
79950901,79950903,351,7a20c21d1844f6631f1017fa76dfad097671476d,android,ok,0,plain,"",false,,,,,,,,,"",,
80356948,80356949,352,cb640b2221044fe272ea6a249772cf71ba0d5fab,android,ok,2,plain,"",false,,,,,,,,,"",,
80356948,80356950,352,cb640b2221044fe272ea6a249772cf71ba0d5fab,android,ok,1,plain,"",false,,,,,,,,,"",,
81737476,81737477,353,ec2c139797d9ddeef3c42a661135af4f4d911bc9,android,ok,0,plain,"",false,,,,,,,,,"",,
81737476,81737478,353,ec2c139797d9ddeef3c42a661135af4f4d911bc9,android,ok,0,plain,"",false,,,,,,,,,"",,
81797091,81797092,354,c2fc19316d8680322cabeed31234d19e942866e8,android,ok,3,plain,"",false,,,,,,,,,"",,
81797091,81797094,354,c2fc19316d8680322cabeed31234d19e942866e8,android,ok,2,plain,"",false,,,,,,,,,"",,
85846545,85846546,355,d2332d7f48a27e7f5765a94add99d0791e05715b,android,ok,0,plain,"",false,,,,,,,,,"",,
85846545,85846547,355,d2332d7f48a27e7f5765a94add99d0791e05715b,android,ok,0,plain,"",false,,,,,,,,,"",,
85847602,85847603,356,4b6a2c5af3cfc7fe65fd4269ea47218c5a0825e0,android,ok,1,plain,"",false,,,,,,,,,"",,
85847602,85847604,356,4b6a2c5af3cfc7fe65fd4269ea47218c5a0825e0,android,ok,1,plain,"",false,,,,,,,,,"",,
87002342,87002343,357,3184ff44b2a2d1469f6da774206f8896fb65c0cd,android,ok,0,plain,"",false,,,,,,,,,"",,
87002342,87002344,357,3184ff44b2a2d1469f6da774206f8896fb65c0cd,android,ok,0,plain,"",false,,,,,,,,,"",,
87009819,87009820,358,664e632f5d0620d2bb58d694d8336a6bd410bd80,android,ok,0,plain,"",false,,,,,,,,,"",,
87009819,87009821,358,664e632f5d0620d2bb58d694d8336a6bd410bd80,android,ok,0,plain,"",false,,,,,,,,,"",,
87010174,87010175,359,0d1c598f6f1b4e3fa70e89e23e9a2195ba77ec90,android,ok,0,plain,"",false,,,,,,,,,"",,
87010174,87010176,359,0d1c598f6f1b4e3fa70e89e23e9a2195ba77ec90,android,ok,0,plain,"",false,,,,,,,,,"",,
34133164,34133165,35,60b06578a99c3b29998be855e5e636e6e624850b,java,ok,,java-gradle,"",false,,,0,,,,,,"",,
87019744,87019746,360,7281342b42780d03aa0e5b95ae8a1125f3f70e72,android,ok,0,plain,"",false,,,,,,,,,"",,
87019744,87019747,360,7281342b42780d03aa0e5b95ae8a1125f3f70e72,android,ok,0,plain,"",false,,,,,,,,,"",,
87979938,87979939,361,c1ce94fa10ed7b0aaa16f95e1c729a2deb1c1d1d,android,ok,1,plain,"",false,,,,,,,,,"",,
87979938,87979940,361,c1ce94fa10ed7b0aaa16f95e1c729a2deb1c1d1d,android,ok,1,plain,"",false,,,,,,,,,"",,
88070987,88070988,362,088d969fbd2f6c824a66ffc99966ad40365f92d2,android,ok,0,plain,"",false,,,,,,,,,"",,
88070987,88070989,362,088d969fbd2f6c824a66ffc99966ad40365f92d2,android,ok,0,plain,"",false,,,,,,,,,"",,
88104784,88104785,363,8813c31909eb85f2d89a950a38f1b2963d1bbcb9,android,ok,0,plain,"",false,,,,,,,,,"",,
88104784,88104786,363,8813c31909eb85f2d89a950a38f1b2963d1bbcb9,android,ok,0,plain,"",false,,,,,,,,,"",,
88104875,88104876,364,6963c7502b6b0f7a03718a2d8fa2abfa5b9205af,android,ok,1,plain,"",false,,,,,,,,,"",,
88125030,88125032,365,e402e896cbbcccac5def9321a0745a326b6274e3,android,ok,1,plain,"",false,,,,,,,,,"",,
88129248,88129252,366,1adc5c8de2fa69fc1f42663ed179e3feeff6894c,android,ok,0,plain,"",false,,,,,,,,,"",,
88129248,88129253,366,1adc5c8de2fa69fc1f42663ed179e3feeff6894c,android,ok,0,plain,"",false,,,,,,,,,"",,
88380877,88380878,367,22c5c8fe925673a4ae2de128cd30ad7911fa2f53,android,ok,4,plain,"",false,,,,,,,,,"",,
88380877,88380879,367,22c5c8fe925673a4ae2de128cd30ad7911fa2f53,android,ok,2,plain,"",false,,,,,,,,,"",,
88861920,88861921,368,8a291a8782f2694d9db9766680af62e6eab085bb,android,ok,1,plain,"",false,,,,,,,,,"",,
88861920,88861923,368,8a291a8782f2694d9db9766680af62e6eab085bb,android,ok,1,plain,"",false,,,,,,,,,"",,
89242238,89242239,369,4f159aa051fd807aefe610772855e30b06a8aa82,android,ok,1,plain,"",false,,,,,,,,,"",,
89242238,89242240,369,4f159aa051fd807aefe610772855e30b06a8aa82,android,ok,1,plain,"",false,,,,,,,,,"",,
34141889,34141890,36,8bb5e18b09fa9246836fede0db6f86145df00cd6,java,ok,,java-gradle,"",false,,,0,,,,,,"",,
89348749,89348750,370,d84536b75e2c0693d9e3744ccd5ea7b2d7cdc830,android,ok,0,plain,"",false,,,,,,,,,"",,
89348749,89348751,370,d84536b75e2c0693d9e3744ccd5ea7b2d7cdc830,android,ok,0,plain,"",false,,,,,,,,,"",,
89713675,89713676,371,2faaba5ef09dec2148cd7914884d5f5013422b82,android,ok,0,plain,"",false,,,,,,,,,"",,
89713675,89713677,371,2faaba5ef09dec2148cd7914884d5f5013422b82,android,ok,0,plain,"",false,,,,,,,,,"",,
90010869,90010870,372,e7052a75a22da1deb9334cce8a8a53aad2c57c70,android,broken,0,plain,"",false,,,,,,,,,"",,
90010869,90010871,372,e7052a75a22da1deb9334cce8a8a53aad2c57c70,android,broken,0,plain,"",false,,,,,,,,,"",,
90113777,90113778,373,676b3aa1a209a800428ca2a1113a91a8d8b6eac3,android,ok,0,plain,"",false,,,,,,,,,"",,
90113777,90113779,373,676b3aa1a209a800428ca2a1113a91a8d8b6eac3,android,ok,0,plain,"",false,,,,,,,,,"",,
90116156,90116157,374,bcf26d4269269a40d584b9749994aad84b360016,android,ok,0,plain,"",false,,,,,,,,,"",,
90116156,90116158,374,bcf26d4269269a40d584b9749994aad84b360016,android,ok,0,plain,"",false,,,,,,,,,"",,
92200406,92200407,375,b666cd25f2e96bcaa0411e7885a446413861e05e,android,ok,0,plain,"",false,,,,,,,,,"",,
92200406,92200408,375,b666cd25f2e96bcaa0411e7885a446413861e05e,android,ok,0,plain,"",false,,,,,,,,,"",,
92352392,92352394,376,6fe85b223f7528baf35b29de7157f8b5bebbb9fd,android,ok,0,plain,"",false,,,,,,,,,"",,
92352392,92352395,376,6fe85b223f7528baf35b29de7157f8b5bebbb9fd,android,ok,0,plain,"",false,,,,,,,,,"",,
92364528,92364529,377,a08ce89d890b466aa3cae22e8275758db88f637b,android,ok,0,plain,"",false,,,,,,,,,"",,
92364528,92364530,377,a08ce89d890b466aa3cae22e8275758db88f637b,android,ok,0,plain,"",false,,,,,,,,,"",,
92370462,92370463,378,8c03bfe6fd962662956df62dc2a08e37bb2d791a,android,ok,0,plain,"",false,,,,,,,,,"",,
92370462,92370464,378,8c03bfe6fd962662956df62dc2a08e37bb2d791a,android,ok,0,plain,"",false,,,,,,,,,"",,
92370679,92370680,379,b907f40e0cda5c0bbb8404e4a06a1a9c7c125f88,android,ok,0,plain,"",false,,,,,,,,,"",,
92370679,92370681,379,b907f40e0cda5c0bbb8404e4a06a1a9c7c125f88,android,ok,0,plain,"",false,,,,,,,,,"",,
34144177,34144178,37,bf17e1d0fb987cad223ea01c932cef9b15b4dcf1,java,ok,,java-gradle,"",false,,,0,,,,,,"",,
92543848,92543849,380,e46caa46e8baf669e685f87194b0efca4389c7a0,android,ok,0,plain,"",false,,,,,,,,,"",,
92543848,92543850,380,e46caa46e8baf669e685f87194b0efca4389c7a0,android,ok,0,plain,"",false,,,,,,,,,"",,
92547443,92547444,381,fb1881ffd85e93003af2d6e46ee7625aa26e302b,android,ok,0,plain,"",false,,,,,,,,,"",,
92547443,92547445,381,fb1881ffd85e93003af2d6e46ee7625aa26e302b,android,ok,0,plain,"",false,,,,,,,,,"",,
92548870,92548871,382,1a6b34724458557d40a6d09d06acb7af084edbc4,android,ok,0,plain,"",false,,,,,,,,,"",,
92548870,92548872,382,1a6b34724458557d40a6d09d06acb7af084edbc4,android,ok,0,plain,"",false,,,,,,,,,"",,
92668065,92668066,383,b0555b3a01d24dbad5e7775425da1c19061d34b3,android,ok,0,plain,"",false,,,,,,,,,"",,
92668065,92668067,383,b0555b3a01d24dbad5e7775425da1c19061d34b3,android,ok,0,plain,"",false,,,,,,,,,"",,
92755494,92755495,384,2faacd1074bd06a57f4e269cb91878ffea9f7bd8,android,ok,0,plain,"",false,,,,,,,,,"",,
92755494,92755497,384,2faacd1074bd06a57f4e269cb91878ffea9f7bd8,android,ok,0,plain,"",false,,,,,,,,,"",,
92983147,92983148,385,e04b5a1a558bfba142c2f3c21c08bd6b18aa54cc,android,ok,1,plain,"",false,,,,,,,,,"",,
92983147,92983149,385,e04b5a1a558bfba142c2f3c21c08bd6b18aa54cc,android,ok,1,plain,"",false,,,,,,,,,"",,
93003980,93003982,386,9054725ba29c0fc9960a7334cedc74922893b8a5,android,ok,4,plain,"",false,,,,,,,,,"",,
93003980,93003983,386,9054725ba29c0fc9960a7334cedc74922893b8a5,android,ok,3,plain,"",false,,,,,,,,,"",,
93034318,93034319,387,20aacc51061df68a77f7d5052d42bef24273e997,android,ok,1,plain,"",false,,,,,,,,,"",,
93034318,93034320,387,20aacc51061df68a77f7d5052d42bef24273e997,android,ok,1,plain,"",false,,,,,,,,,"",,
93035850,93035851,388,acc3fe3dead2f3f156d1b75cb10cdc7dbbb1d84e,android,ok,1,plain,"",false,,,,,,,,,"",,
93035850,93035852,388,acc3fe3dead2f3f156d1b75cb10cdc7dbbb1d84e,android,ok,1,plain,"",false,,,,,,,,,"",,
93048357,93048358,389,aa751f6289ea16ef35955f7563038c6c51c6a4e2,android,ok,1,plain,"",false,,,,,,,,,"",,
93048357,93048360,389,aa751f6289ea16ef35955f7563038c6c51c6a4e2,android,ok,1,plain,"",false,,,,,,,,,"",,
34144218,34144219,38,bf17e1d0fb987cad223ea01c932cef9b15b4dcf1,java,ok,,java-gradle,"",false,,,0,,,,,,"",,
93053809,93053811,390,ff7850cf2136f001f3af1e9d0100fcdd829bc9ff,android,ok,1,plain,"",false,,,,,,,,,"",,
93053809,93053814,390,ff7850cf2136f001f3af1e9d0100fcdd829bc9ff,android,ok,1,plain,"",false,,,,,,,,,"",,
93140348,93140349,391,e77a908696987709461b07255bcc7fea15ba34e4,android,broken,0,plain,"",false,,,,,,,,,"",,
93140348,93140350,391,e77a908696987709461b07255bcc7fea15ba34e4,android,broken,0,plain,"",false,,,,,,,,,"",,
93141869,93141870,392,8b3cd4a533d49b5a0e5f4b87a8698bd88a838d80,android,broken,0,plain,"",false,,,,,,,,,"",,
93141869,93141871,392,8b3cd4a533d49b5a0e5f4b87a8698bd88a838d80,android,broken,0,plain,"",false,,,,,,,,,"",,
93188122,93188123,393,958673285748732dc2b69650e28491640fdefe60,android,ok,1,plain,"",false,,,,,,,,,"",,
93188122,93188125,393,958673285748732dc2b69650e28491640fdefe60,android,ok,1,plain,"",false,,,,,,,,,"",,
93196592,93196593,394,700e2da827d2ffa68cecd07c6f435698d4d32a2a,android,broken,0,plain,"",false,,,,,,,,,"",,
93196592,93196594,394,700e2da827d2ffa68cecd07c6f435698d4d32a2a,android,broken,0,plain,"",false,,,,,,,,,"",,
93333792,93333793,395,d2ad18f05a1f4e16b1354d266995eb5b73417dbc,android,broken,0,plain,"",false,,,,,,,,,"",,
93333792,93333794,395,d2ad18f05a1f4e16b1354d266995eb5b73417dbc,android,broken,0,plain,"",false,,,,,,,,,"",,
93352168,93352169,396,afb53844cd3a4583141e2d69de71e2416fc65d34,android,ok,0,plain,"",false,,,,,,,,,"",,
93352168,93352170,396,afb53844cd3a4583141e2d69de71e2416fc65d34,android,ok,0,plain,"",false,,,,,,,,,"",,
93366561,93366562,397,38cae1c82d0c1cb878485cef4b15bb18441ee9ff,android,ok,0,plain,"",false,,,,,,,,,"",,
93366561,93366563,397,38cae1c82d0c1cb878485cef4b15bb18441ee9ff,android,ok,0,plain,"",false,,,,,,,,,"",,
94523003,94523004,398,32f25e61f2e3deaf82a09ddb5abc0dcebacf4ff8,android,ok,1,plain,"",false,,,,,,,,,"",,
94523003,94523005,398,32f25e61f2e3deaf82a09ddb5abc0dcebacf4ff8,android,ok,2,plain,"",false,,,,,,,,,"",,
94529674,94529675,399,2a4e75a21fea39e1c069e86ed197e3e076667d43,android,ok,1,plain,"",false,,,,,,,,,"",,
94529674,94529676,399,2a4e75a21fea39e1c069e86ed197e3e076667d43,android,ok,1,plain,"",false,,,,,,,,,"",,
34145245,34145246,39,d7eed7bc488fdaf88a4dfa1833373ff63ce886f6,java,ok,,java-gradle,"",false,,,0,,,,,,"",,
28598837,28598838,3,53c16e03081b659c2c9009721b1a50728d4fae80,java,ok,,java-gradle,"",false,,,0,,,,,,"",,
94529779,94529780,400,05c5b8cb5a7c7e4309b80aeb3e45bdf14a90c779,android,ok,1,plain,"",false,,,,,,,,,"",,
94529779,94529781,400,05c5b8cb5a7c7e4309b80aeb3e45bdf14a90c779,android,ok,1,plain,"",false,,,,,,,,,"",,
94548955,94548956,401,7fe2d14985c4e1fa30254930cb0d75c875f073b2,android,ok,2,plain,"",false,,,,,,,,,"",,
94548955,94548957,401,7fe2d14985c4e1fa30254930cb0d75c875f073b2,android,ok,1,plain,"",false,,,,,,,,,"",,
95529660,95529661,402,6afad1b017d6c02b91b1fe2c32d23f305e163996,android,broken,0,plain,"",false,,,,,,,,,"",,
95529660,95529662,402,6afad1b017d6c02b91b1fe2c32d23f305e163996,android,broken,0,plain,"",false,,,,,,,,,"",,
95533717,95533718,403,fd826284b1b2432f08cb59c1e947167a46a84cb6,android,broken,0,plain,"",false,,,,,,,,,"",,
95533717,95533719,403,fd826284b1b2432f08cb59c1e947167a46a84cb6,android,broken,0,plain,"",false,,,,,,,,,"",,
95553430,95553431,404,3d5d43a9480a37172fb31d651478b79687d64210,android,ok,0,plain,"",false,,,,,,,,,"",,
95553430,95553432,404,3d5d43a9480a37172fb31d651478b79687d64210,android,ok,0,plain,"",false,,,,,,,,,"",,
95734158,95734159,405,31c509e48d1dff30dd47ae72b35b06d8aefd6448,android,ok,0,plain,"",false,,,,,,,,,"",,
95734158,95734160,405,31c509e48d1dff30dd47ae72b35b06d8aefd6448,android,ok,0,plain,"",false,,,,,,,,,"",,
96494442,96494443,406,28859ec29420788d35da69606db96f3a94c9e4e8,android,ok,1,plain,"",false,,,,,,,,,"",,
96494442,96494444,406,28859ec29420788d35da69606db96f3a94c9e4e8,android,ok,1,plain,"",false,,,,,,,,,"",,
99572187,99572188,407,ba95ff4b0f7b6121947c31d198c0e110d11067ef,android,ok,0,plain,"",false,,,,,,,,,"",,
99572187,99572190,407,ba95ff4b0f7b6121947c31d198c0e110d11067ef,android,ok,0,plain,"",false,,,,,,,,,"",,
99586138,99586139,408,8ce3221cdc2c8d7b46ceef8ad658a9249a5aa172,android,ok,0,plain,"",false,,,,,,,,,"",,
99586138,99586140,408,8ce3221cdc2c8d7b46ceef8ad658a9249a5aa172,android,ok,0,plain,"",false,,,,,,,,,"",,
99647704,99647705,409,3557f4b6dbf519d3b29561a200d82f94b4d0fc65,android,ok,2,plain,"",false,,,,,,,,,"",,
99647704,99647706,409,3557f4b6dbf519d3b29561a200d82f94b4d0fc65,android,ok,1,plain,"",false,,,,,,,,,"",,
34206507,34206508,40,3b3414f897b9db21e450b2a511f27606dfdb94d0,java,ok,,java-gradle,"",false,,,0,,,,,,"",,
99837007,99837008,410,6bee5647f2bf85a8e4a6f8f59418bf0303bba68b,android,broken,0,plain,"",false,,,,,,,,,"",,
99837007,99837009,410,6bee5647f2bf85a8e4a6f8f59418bf0303bba68b,android,broken,0,plain,"",false,,,,,,,,,"",,
99914952,99914953,411,7b09d941fcf51f9cdcb23cf67ead5e37c2d2b8f9,android,ok,0,plain,"",false,,,,,,,,,"",,
99914952,99914954,411,7b09d941fcf51f9cdcb23cf67ead5e37c2d2b8f9,android,ok,0,plain,"",false,,,,,,,,,"",,
99915040,99915041,412,2745e52c6438ccefc5d8abd672c17aeaddcc52d1,android,ok,0,plain,"",false,,,,,,,,,"",,
99915040,99915042,412,2745e52c6438ccefc5d8abd672c17aeaddcc52d1,android,ok,0,plain,"",false,,,,,,,,,"",,
99918188,99918189,413,8824500094dfe0fbfd74cdcc4d404672231a43f3,android,broken,0,plain,"",false,,,,,,,,,"",,
99918188,99918190,413,8824500094dfe0fbfd74cdcc4d404672231a43f3,android,broken,0,plain,"",false,,,,,,,,,"",,
99957367,99957368,414,bcb3820080395e8472618eaed7606231d3e5504f,android,ok,0,plain,"",false,,,,,,,,,"",,
99957367,99957369,414,bcb3820080395e8472618eaed7606231d3e5504f,android,ok,0,plain,"",false,,,,,,,,,"",,
99975839,99975840,415,734c54c03b8835e99bf0f3385e82017b609bb193,android,ok,1,plain,"",false,,,,,,,,,"",,
99975839,99975841,415,734c54c03b8835e99bf0f3385e82017b609bb193,android,ok,1,plain,"",false,,,,,,,,,"",,
100937121,100937122,416,fc2a7587772b8bf18e2ebfb2f74251b91334c0d6,android,unknown,0,plain,"",false,,,,,,,,,"",,
100937121,100937123,416,fc2a7587772b8bf18e2ebfb2f74251b91334c0d6,android,unknown,0,plain,"",false,,,,,,,,,"",,
100940410,100940411,417,c34e7d73b4394b55d3417a231921d6d53b68a9b5,android,unknown,0,plain,"",false,,,,,,,,,"",,
100940410,100940413,417,c34e7d73b4394b55d3417a231921d6d53b68a9b5,android,unknown,0,plain,"",false,,,,,,,,,"",,
101627342,101627343,418,00426d31e3a9c2c2c18d811800bab2bfee0dff5d,android,unknown,0,plain,"",false,,,,,,,,,"",,
101627342,101627345,418,00426d31e3a9c2c2c18d811800bab2bfee0dff5d,android,unknown,0,plain,"",false,,,,,,,,,"",,
101632826,101632827,419,895163d1ca739d58fcde4157f8c3dde7be4433bc,android,unknown,1,plain,"",false,,,,,,,,,"",,
101632826,101632828,419,895163d1ca739d58fcde4157f8c3dde7be4433bc,android,unknown,1,plain,"",false,,,,,,,,,"",,
34249990,34249991,41,b23e1c479179b472ebb31ac20ec57a4284029d78,java,ok,,java-gradle,"",false,,,0,,,,,,"",,
101633150,101633151,420,9bb9e92f70e5cb4d05b5c96ec5241fc41e871db9,android,unknown,4,plain,"",false,,,,,,,,,"",,
101633150,101633152,420,9bb9e92f70e5cb4d05b5c96ec5241fc41e871db9,android,unknown,0,plain,"",false,,,,,,,,,"",,
101650586,101650587,421,a714090fb30d3d389fbcaf0b5440052ed5b43f98,android,ok,0,plain,"",false,,,,,,,,,"",,
101650586,101650588,421,a714090fb30d3d389fbcaf0b5440052ed5b43f98,android,ok,0,plain,"",false,,,,,,,,,"",,
101652254,101652255,422,1439c67e7b9f6c13eec7f394d908aa1b3fe080ae,android,ok,9,plain,"",false,,,,,,,,,"",,
101652254,101652256,422,1439c67e7b9f6c13eec7f394d908aa1b3fe080ae,android,ok,1,plain,"",false,,,,,,,,,"",,
101677668,101677669,423,04b85152941bbc09fa1e430a9264d6904a09ae57,android,ok,2,plain,"",false,,,,,,,,,"",,
101677668,101677672,423,04b85152941bbc09fa1e430a9264d6904a09ae57,android,ok,1,plain,"",false,,,,,,,,,"",,
101714786,101714787,424,e8c2fd60e70be4e050782e5c80de221bf574244c,android,ok,0,plain,"",false,,,,,,,,,"",,
101714786,101714788,424,e8c2fd60e70be4e050782e5c80de221bf574244c,android,ok,0,plain,"",false,,,,,,,,,"",,
101718060,101718061,425,2f8dd4eccb9c5f895aef3c52b31219de25965898,android,ok,1,plain,"",false,,,,,,,,,"",,
101718060,101718062,425,2f8dd4eccb9c5f895aef3c52b31219de25965898,android,ok,1,plain,"",false,,,,,,,,,"",,
102220792,102220793,426,8ac7ebe20101966697ea718599ac679aff58135e,android,broken,1,plain,"",false,,,,,,,,,"",,
102222622,102222623,427,dad410e827b0f941645368ea2c3e3bfbc161c915,android,ok,2,plain,"",false,,,,,,,,,"",,
102243793,102243794,428,1ddee4d8ac7675fd1865ea3e4ef49b9b28e8f93e,android,ok,1,plain,"",false,,,,,,,,,"",,
102247991,102247992,429,7709c36561e4b52345b8c2309fcba868d62505bc,android,ok,1,plain,"",false,,,,,,,,,"",,
34287390,34287391,42,6faee82e14abcba34bec7dd0de29d26c7abfe9f9,java,ok,,java-gradle,"",false,,,0,,,,,,"",,
102314311,102314312,430,9f9e0f000fc55c6cd4a1f1c99b93d005685fa75a,android,ok,1,plain,"",false,,,,,,,,,"",,
102317365,102317366,431,a8f9ea4f5f3b9bdcd898dcec93f4e03188576c07,android,ok,2,plain,"",false,,,,,,,,,"",,
102365765,102365766,432,735291ad9075a8673f10982274aab93e9661f866,android,ok,1,plain,"",false,,,,,,,,,"",,
102637741,102637742,433,e615f3fa59a8b075dc2785f4487f68a16de466d3,android,ok,0,plain,"",false,,,,,,,,,"",,
102637741,102637743,433,e615f3fa59a8b075dc2785f4487f68a16de466d3,android,ok,0,plain,"",false,,,,,,,,,"",,
102665908,102665909,434,dc21ef737a1f9a0289a135813cd4290bd1215128,android,ok,3,plain,"",false,,,,,,,,,"",,
102665908,102665910,434,dc21ef737a1f9a0289a135813cd4290bd1215128,android,ok,1,plain,"",false,,,,,,,,,"",,
102834319,102834320,435,a54f60fc48b8e5c012db7565575379b07ff17f50,android,ok,1,plain,"",false,,,,,,,,,"",,
102834319,102834322,435,a54f60fc48b8e5c012db7565575379b07ff17f50,android,ok,1,plain,"",false,,,,,,,,,"",,
103988712,103988713,436,5807fe618cf8a019188875f3de19f2eb719ec748,android,ok,2,plain,"",false,,,,,,,,,"",,
104122311,104122312,437,fdd875343362f5471b5b3666c2f347da4fc30f76,android,ok,309,plain,"",false,,,,,,,,,"",,
104158009,104158010,438,24f395bca0e2a17c9bec06f7b12c68e22fd456ef,android,ok,10,plain,"",false,,,,,,,,,"",,
104233026,104233027,439,3e1892cb165ec5c635436013ecb18e2d1f15fb20,android,broken,0,plain,"",false,,,,,,,,,"",,
104233026,104233028,439,3e1892cb165ec5c635436013ecb18e2d1f15fb20,android,broken,0,plain,"",false,,,,,,,,,"",,
34299692,34299693,43,2b975de3b264ff368ac507a6595171c31cd028b3,java,ok,,java-gradle,"",false,,,0,,,,,,"",,
104234722,104234723,440,4c54b6318fa154bb68d2aa4034e03c47425d3642,android,broken,0,plain,"",false,,,,,,,,,"",,
104234722,104234724,440,4c54b6318fa154bb68d2aa4034e03c47425d3642,android,broken,0,plain,"",false,,,,,,,,,"",,
104236424,104236425,441,4c54b6318fa154bb68d2aa4034e03c47425d3642,android,broken,0,plain,"",false,,,,,,,,,"",,
104236424,104236426,441,4c54b6318fa154bb68d2aa4034e03c47425d3642,android,broken,0,plain,"",false,,,,,,,,,"",,
104236672,104236673,442,e501a2467f92218c00305d6eab3faa8b437caba3,android,broken,0,plain,"",false,,,,,,,,,"",,
104236672,104236674,442,e501a2467f92218c00305d6eab3faa8b437caba3,android,broken,0,plain,"",false,,,,,,,,,"",,
104238631,104238632,443,8188f0914d5dfd9381b9e17838a3004c53f845d7,android,broken,0,plain,"",false,,,,,,,,,"",,
104238631,104238633,443,8188f0914d5dfd9381b9e17838a3004c53f845d7,android,broken,0,plain,"",false,,,,,,,,,"",,
104239570,104239571,444,8a4605da3fd12219343be08174dc13d4fb5b85b3,android,ok,0,plain,"",false,,,,,,,,,"",,
104239570,104239572,444,8a4605da3fd12219343be08174dc13d4fb5b85b3,android,ok,0,plain,"",false,,,,,,,,,"",,
104494363,104494364,445,0bc1dc6ab36fee2ab6e35b6fb3f90feaaa7a42a8,android,ok,1,plain,"",false,,,,,,,,,"",,
104495788,104495790,446,91c75ee589d0c57aa114734a3d5ff7d0571be6fe,android,ok,1,plain,"",false,,,,,,,,,"",,
104495788,104495791,446,91c75ee589d0c57aa114734a3d5ff7d0571be6fe,android,ok,1,plain,"",false,,,,,,,,,"",,
104500816,104500817,447,0f93217f2dca8133be6ef6654abb0905712ec3b6,android,ok,1,plain,"",false,,,,,,,,,"",,
104500885,104500886,448,0f93217f2dca8133be6ef6654abb0905712ec3b6,android,ok,2,plain,"",false,,,,,,,,,"",,
104501385,104501386,449,0e19f7cd84a95130f7c7f8915b1e821c51dd1ca5,android,ok,1,plain,"",false,,,,,,,,,"",,
34300462,34300463,44,090f1af18b872c3304c3ee265e86d20f41b694c0,java,ok,,java-gradle,"",false,,,0,,,,,,"",,
105446917,105446918,450,54ddf86aef697c8692caf1988f17bc07946fc0f0,android,ok,6,plain,"",false,,,,,,,,,"",,
105446917,105446919,450,54ddf86aef697c8692caf1988f17bc07946fc0f0,android,ok,1,plain,"",false,,,,,,,,,"",,
105446934,105446935,451,ca861e0b29aa044fcb80b02b0ecba7fa551365c8,android,ok,1,plain,"",false,,,,,,,,,"",,
105930198,105930199,452,e88f459fdfae8d0fa588e1b9e07c6027f904286c,android,ok,0,plain,"",false,,,,,,,,,"",,
105930198,105930200,452,e88f459fdfae8d0fa588e1b9e07c6027f904286c,android,ok,0,plain,"",false,,,,,,,,,"",,
105938632,105938633,453,c78f8a48ea95dc4261067ab2a7506cb0f4481efa,android,ok,0,plain,"",false,,,,,,,,,"",,
105938632,105938634,453,c78f8a48ea95dc4261067ab2a7506cb0f4481efa,android,ok,0,plain,"",false,,,,,,,,,"",,
105947610,105947611,454,e280ffb9e1bab53460f711ac79f242637c29397f,android,ok,1,plain,"",false,,,,,,,,,"",,
105947610,105947612,454,e280ffb9e1bab53460f711ac79f242637c29397f,android,ok,1,plain,"",false,,,,,,,,,"",,
106161723,106161724,455,ab747c4e21f6524a7d63f3fad33227973c39e508,android,ok,0,plain,"",false,,,,,,,,,"",,
106161723,106161725,455,ab747c4e21f6524a7d63f3fad33227973c39e508,android,ok,0,plain,"",false,,,,,,,,,"",,
106363666,106363667,456,332c1fd02a1bcad7bdbc4f0b2783321d5b6433ff,android,ok,2,plain,"",false,,,,,,,,,"",,
106363666,106363668,456,332c1fd02a1bcad7bdbc4f0b2783321d5b6433ff,android,ok,1,plain,"",false,,,,,,,,,"",,
106380725,106380726,457,17c479b7110b5786071a834b969cb5962cef5e21,android,ok,0,plain,"",false,,,,,,,,,"",,
106380725,106380727,457,17c479b7110b5786071a834b969cb5962cef5e21,android,ok,0,plain,"",false,,,,,,,,,"",,
107126420,107126421,458,685463981ae3764cfcf5d25c19b7b5b99d83e6b3,android,unknown,0,plain,"",false,,,,,,,,,"",,
107126420,107126422,458,685463981ae3764cfcf5d25c19b7b5b99d83e6b3,android,unknown,0,plain,"",false,,,,,,,,,"",,
107375154,107375155,459,0e94c6ac6d0e79116aa2ede5f9b13f3ed0205c8b,android,unknown,0,plain,"",false,,,,,,,,,"",,
107375154,107375156,459,0e94c6ac6d0e79116aa2ede5f9b13f3ed0205c8b,android,unknown,0,plain,"",false,,,,,,,,,"",,
34330891,34330892,45,3f76d50c1eda88667c1f164d58a37061cb3c75f9,java,ok,,java-gradle,"",false,,,0,,,,,,"",,
107388665,107388666,460,bc8429989ecb3670c3897dbc9957f595a883960d,android,unknown,0,plain,"",false,,,,,,,,,"",,
107388665,107388667,460,bc8429989ecb3670c3897dbc9957f595a883960d,android,ok,0,plain,"",false,,,,,,,,,"",,
107476712,107476713,461,3a12cfbffc821304512f5e522062f6b440266db0,android,broken,0,plain,"",false,,,,,,,,,"",,
107476712,107476714,461,3a12cfbffc821304512f5e522062f6b440266db0,android,broken,0,plain,"",false,,,,,,,,,"",,
107478625,107478626,462,6b08cc55687392b68ecf46934c077db3ac611fb4,android,unknown,0,plain,"",false,,,,,,,,,"",,
107478625,107478627,462,6b08cc55687392b68ecf46934c077db3ac611fb4,android,unknown,0,plain,"",false,,,,,,,,,"",,
107576988,107576990,463,9ba4b3330e771d4818a57ccb8488edefb8c20abe,android,ok,0,plain,"",false,,,,,,,,,"",,
107576988,107576991,463,9ba4b3330e771d4818a57ccb8488edefb8c20abe,android,unknown,0,plain,"",false,,,,,,,,,"",,
107577026,107577027,464,2da0d69fa24c7479a410f320ffd21d0c47a0edf1,android,unknown,2,plain,"",false,,,,,,,,,"",,
107653076,107653077,465,4fd3b68081c32cec918fd940e71a7c9d205b7450,android,ok,1,plain,"",false,,,,,,,,,"",,
107699956,107699957,466,2236b2b7214efa38b4999db3c4837dffb92a9bcd,android,unknown,0,plain,"",false,,,,,,,,,"",,
107699956,107699958,466,2236b2b7214efa38b4999db3c4837dffb92a9bcd,android,unknown,0,plain,"",false,,,,,,,,,"",,
107926254,107926255,467,cdfa93e34e0efcad338702e48ec50e86d5d64c4e,android,ok,1,plain,"",false,,,,,,,,,"",,
107926254,107926256,467,cdfa93e34e0efcad338702e48ec50e86d5d64c4e,android,unknown,1,plain,"",false,,,,,,,,,"",,
108423839,108423840,468,a0aada3e817bd6824f43810fe29ae70f1bbfc9dc,android,ok,1,plain,"",false,,,,,,,,,"",,
108423839,108423841,468,a0aada3e817bd6824f43810fe29ae70f1bbfc9dc,android,ok,1,plain,"",false,,,,,,,,,"",,
108424661,108424662,469,048ad2f45e0a18a0184a9dcb3152a63d060a4145,android,ok,1,plain,"",false,,,,,,,,,"",,
34333188,34333189,46,219b3a468a7749e4b52b0e710df31e3c3b944573,java,ok,,java-gradle,"",false,,,0,,,,,,"",,
108424676,108424677,470,f92f2267394aa2dfdff711335c159ae62bda87f7,android,ok,1,plain,"",false,,,,,,,,,"",,
108424701,108424702,471,ee36815ca9c6ba3b775f59f7671f4253e1005b81,android,ok,3,plain,"",false,,,,,,,,,"",,
108424701,108424704,471,ee36815ca9c6ba3b775f59f7671f4253e1005b81,android,ok,1,plain,"",false,,,,,,,,,"",,
108424944,108424945,472,22f4beb19bcdafe061eea9f4c8d2826d2e79cb30,android,ok,1,plain,"",false,,,,,,,,,"",,
108424944,108424946,472,22f4beb19bcdafe061eea9f4c8d2826d2e79cb30,android,ok,1,plain,"",false,,,,,,,,,"",,
108425037,108425038,473,59133d4da250a3177c72dca42ed93b06e9e77ab5,android,ok,1,plain,"",false,,,,,,,,,"",,
108425037,108425039,473,59133d4da250a3177c72dca42ed93b06e9e77ab5,android,ok,1,plain,"",false,,,,,,,,,"",,
110851724,110851726,474,83de5098d34521b284063631d030dd75e694f14e,android,ok,0,plain,"",false,,,,,,,,,"",,
110851724,110851728,474,83de5098d34521b284063631d030dd75e694f14e,android,ok,4,plain,"",false,,,,,,,,,"",,
110852674,110852675,475,aa07010d6add1b0786bb00878cda7831c97f9494,android,ok,0,plain,"",false,,,,,,,,,"",,
110852674,110852676,475,aa07010d6add1b0786bb00878cda7831c97f9494,android,ok,0,plain,"",false,,,,,,,,,"",,
110977734,110977735,476,3a8490a97372952d4bf96024fb4fff7b4b79e600,android,ok,1,plain,"",false,,,,,,,,,"",,
110977734,110977736,476,3a8490a97372952d4bf96024fb4fff7b4b79e600,android,ok,1,plain,"",false,,,,,,,,,"",,
111241543,111241544,477,025e290aa9470a40a1bfcdce9a9da55b0a9c95df,android,ok,2,plain,"",false,,,,,,,,,"",,
111241543,111241545,477,025e290aa9470a40a1bfcdce9a9da55b0a9c95df,android,ok,4,plain,"",false,,,,,,,,,"",,
111350370,111350371,478,afe943cdce785db1a3b5fdbc0f7dd2dd51802721,android,ok,0,plain,"",false,,,,,,,,,"",,
111350370,111350372,478,afe943cdce785db1a3b5fdbc0f7dd2dd51802721,android,ok,0,plain,"",false,,,,,,,,,"",,
111350551,111350552,479,e29f37467c8be4762d385799aca96a11e1fbb2f3,android,ok,0,plain,"",false,,,,,,,,,"",,
111350551,111350553,479,e29f37467c8be4762d385799aca96a11e1fbb2f3,android,ok,0,plain,"",false,,,,,,,,,"",,
34460724,34460725,47,99a1de1974045b7f0f67ed28f2ae34e860abd978,java,ok,,java-gradle,"",false,,,0,,,,,,"",,
111503035,111503036,480,7d4d62e82fc57ef8c9950cab05f7c01b4c77250f,android,ok,2,plain,"",false,,,,,,,,,"",,
111503035,111503037,480,7d4d62e82fc57ef8c9950cab05f7c01b4c77250f,android,ok,0,plain,"",false,,,,,,,,,"",,
111571416,111571417,481,3178434d1e4f75638714b3fe503f8663ed9c220d,android,ok,1,plain,"",false,,,,,,,,,"",,
111571416,111571418,481,3178434d1e4f75638714b3fe503f8663ed9c220d,android,ok,1,plain,"",false,,,,,,,,,"",,
111585162,111585163,482,37b4b7da5ba1ba44798ef0644648d900157487fd,android,ok,0,plain,"",false,,,,,,,,,"",,
111585162,111585164,482,37b4b7da5ba1ba44798ef0644648d900157487fd,android,ok,0,plain,"",false,,,,,,,,,"",,
111766330,111766331,483,82254c239ea0ef0dc1a762b7894ab76297648945,android,ok,1,plain,"",false,,,,,,,,,"",,
111766330,111766332,483,82254c239ea0ef0dc1a762b7894ab76297648945,android,ok,1,plain,"",false,,,,,,,,,"",,
112738996,112738997,484,85f754e945311cd80c7ed532daf0e1dfd9249da6,android,ok,0,plain,"",false,,,,,,,,,"",,
112738996,112738998,484,85f754e945311cd80c7ed532daf0e1dfd9249da6,android,ok,0,plain,"",false,,,,,,,,,"",,
112799593,112799595,485,ca59bc8ee174fa19bb610ead1682ba9871b9a537,android,ok,0,plain,"",false,,,,,,,,,"",,
112799593,112799596,485,ca59bc8ee174fa19bb610ead1682ba9871b9a537,android,ok,0,plain,"",false,,,,,,,,,"",,
112888017,112888018,486,df0856b32383237fdbb672849a20dee9c73c2193,android,ok,1,plain,"",false,,,,,,,,,"",,
112888017,112888019,486,df0856b32383237fdbb672849a20dee9c73c2193,android,ok,1,plain,"",false,,,,,,,,,"",,
113268528,113268529,487,ea64d0b6bb24c2887dba34c7d3a902eb6b0a5518,android,ok,0,plain,"",false,,,,,,,,,"",,
113268528,113268530,487,ea64d0b6bb24c2887dba34c7d3a902eb6b0a5518,android,ok,0,plain,"",false,,,,,,,,,"",,
113271882,113271883,488,2c1676bfa17679ea6e7330c9d8757d6abad14cfd,android,ok,1,plain,"",false,,,,,,,,,"",,
113271882,113271884,488,2c1676bfa17679ea6e7330c9d8757d6abad14cfd,android,ok,1,plain,"",false,,,,,,,,,"",,
113543442,113543443,489,52d1c6cad946c331501a9dcd69d48403ee083d3c,android,ok,1,plain,"",false,,,,,,,,,"",,
34546922,34546923,48,e3b13ae14df6b6102ad0bd2d6d4178359415d5cc,java,ok,,java-gradle,"",false,,,0,,,,,,"",,
113546448,113546449,490,ff5c80d52dd9e279b47ac023414e7ba9e59ed351,android,unknown,1,plain,"",false,,,,,,,,,"",,
113721117,113721118,491,1a101914476c570e28b6dcef3f66759243d95824,android,ok,1,plain,"",false,,,,,,,,,"",,
113731352,113731353,492,82209f76d8305e4ae10aa0e70f00c534c15e8e5a,android,ok,1,plain,"",false,,,,,,,,,"",,
114813003,114813004,493,63e0867760f05201b4bb9f848d84e9f87fac12b9,android,ok,0,plain,"",false,,,,,,,,,"",,
114813003,114813005,493,63e0867760f05201b4bb9f848d84e9f87fac12b9,android,ok,0,plain,"",false,,,,,,,,,"",,
114895035,114895036,494,6f5ce950da23be69c15ced9d3423aa2020b5f3df,android,ok,1,plain,"",false,,,,,,,,,"",,
114895035,114895037,494,6f5ce950da23be69c15ced9d3423aa2020b5f3df,android,ok,1,plain,"",false,,,,,,,,,"",,
116227053,116227054,495,acd4fd32d559510bcdcaaa77839011e6cb4f85ee,android,ok,2,plain,"",false,,,,,,,,,"",,
116421312,116421313,496,31a8b7c1e9ec7692f23f7a277699c31c015f2f0c,android,ok,1,plain,"",false,,,,,,,,,"",,
116456955,116456956,497,a89e3b0eb66c74bc0483929709ed0cec2dbbd281,android,ok,2,plain,"",false,,,,,,,,,"",,
116478611,116478613,498,218a3d3e9fc76b0f8a55d4ec2a15f433132eaf76,android,ok,2,plain,"",false,,,,,,,,,"",,
116993492,116993493,499,438710582f77f968027038b48859e680e8681666,android,ok,0,plain,"",false,,,,,,,,,"",,
116993492,116993494,499,438710582f77f968027038b48859e680e8681666,android,ok,0,plain,"",false,,,,,,,,,"",,
34557754,34557755,49,ab87f38c82ac8b052b9a92ccabe4f5b45210da06,java,ok,,java-gradle,"",false,,,0,,,,,,"",,
28636205,28636208,4,a6abdf254070ed17319d3d93a83ba40ee2642358,java,ok,,java-gradle,"",false,,,0,,,,,,"",,
117043569,117043570,500,4d2e710411c940d6824b52b654939ef21733ec37,android,ok,1,plain,"",false,,,,,,,,,"",,
117043569,117043571,500,4d2e710411c940d6824b52b654939ef21733ec37,android,ok,1,plain,"",false,,,,,,,,,"",,
118467812,118467813,501,f46ff400015f80bd331830456e24a7651da65f7c,android,ok,2,plain,"",false,,,,,,,,,"",,
118486151,118486158,502,ca88afe4d7c6bc949f3743c8770b71393c8fcd0d,android,ok,2,plain,"",false,,,,,,,,,"",,
118508548,118508549,503,e68db0098abf7a4decedf895aa7f7681b98257d5,android,ok,2,plain,"",false,,,,,,,,,"",,
118524965,118524966,504,3c9baf615d2dc5f03802ad3b2d748663c08da2d9,android,broken,28,plain,"",false,,,,,,,,,"",,
118525331,118525332,505,e635a380a2cab9a025a5accde01d98ba63ab9120,android,ok,3,plain,"",false,,,,,,,,,"",,
118552566,118552567,506,cb38bcd58de029ba4dc127facfb167f996cef9f5,android,ok,2,plain,"",false,,,,,,,,,"",,
118599918,118599920,507,2fc89a9c7aae197a9af67459f2a5c782bd58c248,android,ok,1,plain,"",false,,,,,,,,,"",,
118600080,118600081,508,258cc10f7bc3bb8130f4a319f8a8e50eb4dd1919,android,ok,1,plain,"",false,,,,,,,,,"",,
118603318,118603319,509,1c24b9e042f295041e1c838218518c9e6885986b,android,ok,1,plain,"",false,,,,,,,,,"",,
34558048,34558049,50,787279ab3e72c83626e65382a1dbd97f45e6cbd3,java,ok,,java-gradle,"",false,,,0,,,,,,"",,
118635800,118635801,510,432f9568199bca0c419e36ed2171a7bc62c31c7d,android,ok,1,plain,"",false,,,,,,,,,"",,
118698172,118698174,511,b586a967a73e5979ee6759247956735ee26d5dfd,android,ok,2,plain,"",false,,,,,,,,,"",,
119008136,119008137,512,c00680755e0301fc726367edfb9e9b7fda7a0b9d,android,ok,1,plain,"",false,,,,,,,,,"",,
119052576,119052577,513,cb47a6457ff00687965708aaa9cdb00cd77d12bf,android,ok,1,plain,"",false,,,,,,,,,"",,
121498811,121498812,514,bc862117d64cbb28fb9111401d731f8c7588b5d2,android,ok,1,plain,"",false,,,,,,,,,"",,
121749726,121749728,515,dacf3288019e9f080b0137120d831161495184cd,android,ok,2,plain,"",false,,,,,,,,,"",,
121755982,121755983,516,b36757abca21599b06a00ff44f2decf3d81df0d6,android,ok,2,plain,"",false,,,,,,,,,"",,
121947760,121947761,517,98cf9dd15415e3a55c9457060e8a41895c1decd1,android,ok,1,plain,"",false,,,,,,,,,"",,
123914803,123914804,518,77c3101dd4ff0878d91ea1a66905af030738a6bd,android,ok,1,plain,"",false,,,,,,,,,"",,
126516773,126516774,519,3f09165e2002f54c45d50022beca9bfa900d6d40,android,ok,2,plain,"",false,,,,,,,,,"",,
34558078,34558079,51,d1fb10c8fdb173126171498f85bc5bf6d297fe43,java,ok,,java-gradle,"",false,,,0,,,,,,"",,
130350959,130350960,520,df379eefbfb673e9921429bb81665c2d3d606b8d,android,broken,0,plain,"",false,,,,,,,,,"",,
130350959,130350961,520,df379eefbfb673e9921429bb81665c2d3d606b8d,android,broken,0,plain,"",false,,,,,,,,,"",,
130351249,130351250,521,563583a3383676c5059dcf2741ea6d7cbfdc05cd,android,ok,0,plain,"",false,,,,,,,,,"",,
130351249,130351251,521,563583a3383676c5059dcf2741ea6d7cbfdc05cd,android,ok,0,plain,"",false,,,,,,,,,"",,
130875541,130875542,522,79e4302088dcdf1dcad9f11229cdd3f79a591237,android,ok,1,plain,"",false,,,,,,,,,"",,
130875541,130875543,522,79e4302088dcdf1dcad9f11229cdd3f79a591237,android,ok,1,plain,"",false,,,,,,,,,"",,
131561367,131561368,523,cf259cdbbefd58b91404296c18115c48c8b06f6e,android,ok,1,plain,"",false,,,,,,,,,"",,
131561367,131561369,523,cf259cdbbefd58b91404296c18115c48c8b06f6e,android,ok,1,plain,"",false,,,,,,,,,"",,
135388518,135388519,524,acdee437ab46844e7ce01c2787a3f87fbe39d100,android,ok,0,plain,"",false,,,,,,,,,"",,
135388518,135388520,524,acdee437ab46844e7ce01c2787a3f87fbe39d100,android,ok,0,plain,"",false,,,,,,,,,"",,
137461957,137461958,525,558aa0d418d9ad350dc9a7f28a1929760eb24983,android,broken,0,plain,"",false,,,,,,,,,"",,
137461957,137461959,525,558aa0d418d9ad350dc9a7f28a1929760eb24983,android,broken,0,plain,"",false,,,,,,,,,"",,
137689426,137689427,526,15a307e34c5fc88869f39f7d72603be34f31cddb,android,broken,0,plain,"",false,,,,,,,,,"",,
137689426,137689428,526,15a307e34c5fc88869f39f7d72603be34f31cddb,android,broken,0,plain,"",false,,,,,,,,,"",,
138526350,138526351,527,71fe319e29ce9a60af9408898f80ed6dfbc3dd9a,android,broken,0,plain,"",false,,,,,,,,,"",,
138526350,138526352,527,71fe319e29ce9a60af9408898f80ed6dfbc3dd9a,android,broken,0,plain,"",false,,,,,,,,,"",,
138527512,138527513,528,50279290e90d7f3e0830a51ac9623ac10de98d21,android,broken,0,plain,"",false,,,,,,,,,"",,
138527512,138527514,528,50279290e90d7f3e0830a51ac9623ac10de98d21,android,broken,0,plain,"",false,,,,,,,,,"",,
139512565,139512566,529,dbfe20e547be35d759d2a5068145c17874b38218,android,ok,1,plain,"",false,,,,,,,,,"",,
34558365,34558366,52,00b0acca158c68091735a5c1aaa640306cd0b922,java,ok,,java-gradle,"",false,,,0,,,,,,"",,
139533195,139533196,530,3881e22540a0b3af1547c2660942fdfc2e63f884,android,ok,1,plain,"",false,,,,,,,,,"",,
141800726,141800729,531,a35fd1e2f93f4ad55da29ed0a6e82164e11edc88,android,broken,0,plain,"",false,,,,,,,,,"",,
141800726,141800730,531,a35fd1e2f93f4ad55da29ed0a6e82164e11edc88,android,broken,1,plain,"",false,,,,,,,,,"",,
142704324,142704325,532,2c004ecc75d80d1d9b4680a76cb8d71f066fd033,android,broken,2,plain,"",false,,,,,,,,,"",,
142704324,142704326,532,2c004ecc75d80d1d9b4680a76cb8d71f066fd033,android,broken,0,plain,"",false,,,,,,,,,"",,
142712678,142712679,533,88488de0e1d527680d73b1d93e7faf8348ab0a8c,android,broken,1,plain,"",false,,,,,,,,,"",,
142712678,142712680,533,88488de0e1d527680d73b1d93e7faf8348ab0a8c,android,broken,1,plain,"",false,,,,,,,,,"",,
143138921,143138922,534,1bb673f6b864c598a5d1c4d6892bb6f1b37061e2,android,ok,3,plain,"",false,,,,,,,,,"",,
143138921,143138923,534,1bb673f6b864c598a5d1c4d6892bb6f1b37061e2,android,ok,2,plain,"",false,,,,,,,,,"",,
143160813,143160814,535,77f10060234c2a6714d6ca1b49a4f4c741823ac7,android,ok,3,plain,"",false,,,,,,,,,"",,
143160813,143160815,535,77f10060234c2a6714d6ca1b49a4f4c741823ac7,android,ok,1,plain,"",false,,,,,,,,,"",,
143176772,143176773,536,235f90fc426431482a5b332a308151f6f3337809,android,ok,1,plain,"",false,,,,,,,,,"",,
143176772,143176775,536,235f90fc426431482a5b332a308151f6f3337809,android,ok,1,plain,"",false,,,,,,,,,"",,
143366904,143366905,537,a6731ff932566388e794fc16d42afa94c518618b,android,ok,4,plain,"",false,,,,,,,,,"",,
143366904,143366906,537,a6731ff932566388e794fc16d42afa94c518618b,android,ok,1,plain,"",false,,,,,,,,,"",,
143630176,143630177,538,a40ba06f940b6e75ec22c9be19a30620465f93bd,android,ok,0,plain,"",false,,,,,,,,,"",,
143630176,143630178,538,a40ba06f940b6e75ec22c9be19a30620465f93bd,android,ok,0,plain,"",false,,,,,,,,,"",,
143688848,143688849,539,4926de9e8876d4ef7c3871bab16960997e8617c8,android,ok,0,plain,"",false,,,,,,,,,"",,
143688848,143688850,539,4926de9e8876d4ef7c3871bab16960997e8617c8,android,ok,0,plain,"",false,,,,,,,,,"",,
34593802,34593803,53,3d81fc2b99797dd9c920f08fec57a8e124cee32f,java,ok,,java-gradle,"",false,,,0,,,,,,"",,
143699616,143699617,540,2092bba92f0a0c2986ae0cd5dc1e2256fc1241da,android,ok,0,plain,"",false,,,,,,,,,"",,
143699616,143699618,540,2092bba92f0a0c2986ae0cd5dc1e2256fc1241da,android,ok,0,plain,"",false,,,,,,,,,"",,
143735170,143735171,541,e57da545bf88574919de743f9d10097314362b25,android,ok,0,plain,"",false,,,,,,,,,"",,
143735170,143735172,541,e57da545bf88574919de743f9d10097314362b25,android,ok,0,plain,"",false,,,,,,,,,"",,
143912602,143912603,542,d112d5d68718a9335fa9d92d9b1f55441ad82006,android,ok,1,plain,"",false,,,,,,,,,"",,
143912602,143912604,542,d112d5d68718a9335fa9d92d9b1f55441ad82006,android,ok,1,plain,"",false,,,,,,,,,"",,
143915457,143915458,543,1ab0a907627215a5830d8349179f48f5d028f5fc,android,ok,3,plain,"",false,,,,,,,,,"",,
143915457,143915460,543,1ab0a907627215a5830d8349179f48f5d028f5fc,android,ok,1,plain,"",false,,,,,,,,,"",,
143926429,143926431,544,2f7128edb0a4fc932a15531e998238caddfd265f,android,ok,2,plain,"",false,,,,,,,,,"",,
143926429,143926432,544,2f7128edb0a4fc932a15531e998238caddfd265f,android,ok,1,plain,"",false,,,,,,,,,"",,
143946109,143946110,545,a51b047961c39faed6e4a0f5851ced82830cb534,android,broken,3,plain,"",false,,,,,,,,,"",,
143949130,143949131,546,276849fd0d620d3428eee8d34bad2310737b54d1,android,ok,2,plain,"",false,,,,,,,,,"",,
143954456,143954457,547,e8b1dd5cfe7f60dfcf9537e6321aeca5e1111ceb,android,ok,2,plain,"",false,,,,,,,,,"",,
144049204,144049205,548,6d44b1834e07ae3a81162eb9a165d4c3364b6723,android,ok,1,plain,"",false,,,,,,,,,"",,
144552166,144552167,549,30e76ff9ade86d1374469ed3828531a47bc1313d,android,ok,0,plain,"",false,,,,,,,,,"",,
144552166,144552168,549,30e76ff9ade86d1374469ed3828531a47bc1313d,android,ok,0,plain,"",false,,,,,,,,,"",,
34658141,34658142,54,76a6089ee030a8f6fd7d5abf2ba68225aaf44657,java,ok,,java-gradle,"",false,,,0,,,,,,"",,
144593946,144593947,550,37d3f377dbbe71e363f5b4826cda45d6e1758068,android,ok,0,plain,"",false,,,,,,,,,"",,
144593946,144593948,550,37d3f377dbbe71e363f5b4826cda45d6e1758068,android,ok,0,plain,"",false,,,,,,,,,"",,
145089083,145089084,551,7d54cb50e387a316b9d851c9a995f714a4f34122,android,ok,3,plain,"",false,,,,,,,,,"",,
145089083,145089085,551,7d54cb50e387a316b9d851c9a995f714a4f34122,android,ok,1,plain,"",false,,,,,,,,,"",,
145571628,145571629,552,3f5543a1519e2b711a677f9072ad56734f492f86,android,ok,3,plain,"",false,,,,,,,,,"",,
145571628,145571630,552,3f5543a1519e2b711a677f9072ad56734f492f86,android,ok,3,plain,"",false,,,,,,,,,"",,
150978957,150978958,553,6d91e362060d4ea3301681989dc0f56b04037f36,android,ok,1,plain,"",false,,,,,,,,,"",,
150978957,150978959,553,6d91e362060d4ea3301681989dc0f56b04037f36,android,ok,1,plain,"",false,,,,,,,,,"",,
150992181,150992182,554,aa82751774b1e75950cb6cfefa2a142e75dde780,android,ok,1,plain,"",false,,,,,,,,,"",,
150992181,150992183,554,aa82751774b1e75950cb6cfefa2a142e75dde780,android,ok,1,plain,"",false,,,,,,,,,"",,
155983903,155983904,555,2ee4b1da7ac8eb55a6240a226a3fcf0bfeaa3c84,android,ok,0,plain,"",false,,,,,,,,,"",,
155983903,155983905,555,2ee4b1da7ac8eb55a6240a226a3fcf0bfeaa3c84,android,ok,0,plain,"",false,,,,,,,,,"",,
34659669,34659670,55,3716bb60c9ab304aca41b79019c6bbbdb45c0236,java,ok,,java-gradle,"",false,,,0,,,,,,"",,
34669807,34669808,56,d5cf5cb0a7646969a68d58e644420ee71af14370,java,ok,,java-gradle,"",false,,,0,,,,,,"",,
34669987,34669988,57,1aae73448879a7ca03902d3c9379ba3e29e4ae5b,java,ok,,java-gradle,"",false,,,0,,,,,,"",,
34777587,34777588,58,2bd356be45b4af1419c06d05336238d18581af0e,java,ok,,java-gradle,"",false,,,0,,,,,,"",,
34820985,34820986,59,f3d7d331354a6020570a4ab6e3fc7b67203d361c,java,ok,,java-gradle,"",false,,,0,,,,,,"",,
28636987,28636988,5,0181060403cb0a7a2b344e4b2f55667194f09732,java,ok,,java-gradle,"",false,,,0,,,,,,"",,
34822998,34822999,60,526ae88675e01956aa14415b0cba527cf4f1cb0a,java,ok,,java-gradle,"",false,,,0,,,,,,"",,
34873794,34873795,61,e0239113cb498388e7c46664df6490335de6bb84,java,ok,,java-gradle,"",false,,,0,,,,,,"",,
35138815,35138816,62,36d52a4b762f98482163e38c68a324ae20392e7d,java,ok,,java-gradle,"",false,,,0,,,,,,"",,
35165149,35165150,63,051069671413f8b66a1b237a8f682aa6c1b50275,java,ok,,java-gradle,"",false,,,0,,,,,,"",,
35228199,35228200,64,6b082ebd7480c5418c20b1d539bfa16912650c50,java,ok,,java-gradle,"",false,,,0,,,,,,"",,
35229166,35229167,65,c168678af320bc0616635f1704f2b914799c4dec,java,ok,,java-gradle,"",false,,,0,,,,,,"",,
35288302,35288303,66,ddbb043a5e8e4ad1471cde92381548645400570a,java,ok,,java-gradle,"",false,,,0,,,,,,"",,
35290850,35290851,67,2e5ef970e78b2c6b4605444d564fad138b9232cd,java,ok,,java-gradle,"",false,,,0,,,,,,"",,
35290877,35290878,68,28744e4e2c68fae8a897eb9a8a579b24023746b6,java,ok,,java-gradle,"",false,,,0,,,,,,"",,
35347154,35347155,69,42db20bed3c2b16f3b6cf3719e5a67023c776dea,java,ok,,java-gradle,"",false,,,0,,,,,,"",,
28728593,28728594,6,751aa97f348f94dcfad5df5bd530c623ab9ec4c6,java,ok,,java-gradle,junit,true,false,,0,,,,,,"",,
35596359,35596360,70,634650b0ad234e857e7afcc25818e8d0306b2910,java,ok,,java-gradle,"",false,,,0,,,,,,"",,
35738079,35738080,71,e91056448d1f32c2585c99811ef69af8b29ce491,java,ok,,java-gradle,"",false,,,0,,,,,,"",,
35837891,35837892,72,e7812093bde705833531b43be2e9dc92adef1f5d,java,ok,,java-gradle,"",false,,,0,,,,,,"",,
36215212,36215213,73,f2285a83d5ac3e79383278b91aa21b0a87603cd1,java,ok,,java-gradle,"",false,,,0,,,,,,"",,
36267324,36267326,74,20676c43a1900854678149f8b0b8184962c383da,java,ok,,java-gradle,"",false,,,0,,,,,,"",,
36362577,36362578,75,0bda20fb3ac597a309b094ff99b41ba1a4ca475b,java,ok,,java-gradle,"",false,,,0,,,,,,"",,
36368424,36368425,76,e08fca6797945ad47b4d895a63bf5b3edc08c3be,java,ok,,java-gradle,"",false,,,0,,,,,,"",,
36513551,36513552,77,b4ed2bbf3fbe3c5bccc57fa253ee8abd13b38549,java,ok,,java-gradle,"",false,,,0,,,,,,"",,
36517726,36517727,78,b51cd256aa6d673e49c77676a5e1f9bb644cd2b3,java,ok,,java-gradle,"",false,,,0,,,,,,"",,
36518357,36518358,79,f9f9d2ba98eabe692df0a893b497993681fe24b0,java,ok,,java-gradle,"",false,,,0,,,,,,"",,
28786053,28786054,7,4f7c51ca4c48911c24097b86932c229fa874359e,java,ok,,java-gradle,junit,true,false,,0,,,,,,"",,
36833331,36833332,80,42086c3cc9c9303dd7d219cd43da7426683d3a26,java,ok,,java-gradle,"",false,,,0,,,,,,"",,
36931392,36931393,81,f7b3e5d7a4893fd55b3fd36be56bb37319d8aa24,java,ok,,java-gradle,"",false,,,0,,,,,,"",,
37019344,37019345,82,36e7c0f4b7bc1a57230c1f90550cb013293b405b,java,ok,,java-gradle,"",false,,,0,,,,,,"",,
37022630,37022631,83,29438d5d293744613485914005d2717e03cae485,java,ok,,java-gradle,"",false,,,0,,,,,,"",,
37146803,37146804,84,1737514a35eae271f1a7d5441b92f9ea9c048e27,java,ok,,java-gradle,"",false,,,0,,,,,,"",,
37296904,37296905,85,2a14420892a69279015572411676651da630b0fe,java,ok,,java-gradle,"",false,,,0,,,,,,"",,
37354569,37354570,86,897a034af167e52ecfeda89d267bba1640422058,java,ok,,java-gradle,"",false,,,0,,,,,,"",,
37435972,37435973,87,455f9630cc52c4fcb05fbee7a98d3d46fda99f98,java,ok,,java-gradle,"",false,,,0,,,,,,"",,
37461508,37461509,88,e4143173f60d20196f461bddb8b0fe32767baeb9,java,ok,,java-gradle,"",false,,,0,,,,,,"",,
37466464,37466465,89,6a4581a5c9d4aaccfde5dd8a6b9a23ebae8167b9,java,ok,,java-gradle,"",false,,,0,,,,,,"",,
29013834,29013835,8,f59f35a759798ea0a5751e34a2585606fc9796af,java,ok,,java-gradle,junit,true,false,,0,,,,,,"",,
37504450,37504451,90,56ecaaaeda884a1976942d89a151ad363eaf9b6c,java,ok,,java-gradle,"",false,,,0,,,,,,"",,
37506361,37506362,91,03acace22f05e46ec222fdfaf7928169fba5fd3e,java,ok,,java-gradle,"",false,,,0,,,,,,"",,
37508500,37508504,92,50c46832b71de76dd5142112b9ef76fc13238d6d,java,ok,,java-gradle,"",false,,,0,,,,,,"",,
37620625,37620626,93,7080b408f7c19d7c5d1ab3ca74e10585a61a55fe,java,ok,,java-gradle,"",false,,,0,,,,,,"",,
37779461,37779462,94,e9e2099fb6fb9ca1db217751f13024355360fbad,java,ok,,java-gradle,"",false,,,0,,,,,,"",,
37785978,37785979,95,8f80ee831ff7b42b72be5f8728a9486fe64c2fa6,java,ok,,java-gradle,"",false,,,0,,,,,,"",,
37835313,37835315,96,d5c51c6ba09b6e003a5693d94e41d09ad3930395,java,ok,,java-gradle,"",false,,,0,,,,,,"",,
37842253,37842254,97,150ddbe66b3ca812dd4f0907c09c53c00c9abf5e,java,ok,,java-gradle,"",false,,,0,,,,,,"",,
37940832,37940833,98,a6c5d2b194661844acbd350abbf2fd2e7bd56fa5,java,ok,,java-gradle,"",false,,,0,,,,,,"",,
37942412,37942413,99,e26bb8103afe1f5ba8cb6de1944c8bc01febc945,java,ok,,java-gradle,"",false,,,0,,,,,,"",,
29014789,29014790,9,fe090f50f3040f4d478143a3e0ffa8cdf813fefc,java,ok,,java-gradle,junit,true,false,,0,,,,,,"",,
